,date,total_cases,new_cases,total_deaths,new_deaths,total_cases_per_million,new_cases_per_million,total_deaths_per_million,new_deaths_per_million,total_vaccinations,people_fully_vaccinated_per_hundred
98722,2020-01-31,2.0,2.0,,,0.034,0.034,,,,
98723,2020-02-01,2.0,0.0,,,0.034,0.0,,,,
98724,2020-02-02,2.0,0.0,,,0.034,0.0,,,,
98725,2020-02-03,2.0,0.0,,,0.034,0.0,,,,
98726,2020-02-04,2.0,0.0,,,0.034,0.0,,,,
98727,2020-02-05,2.0,0.0,,,0.034,0.0,,,,
98728,2020-02-06,2.0,0.0,,,0.034,0.0,,,,
98729,2020-02-07,3.0,1.0,,,0.051,0.017,,,,
98730,2020-02-08,3.0,0.0,,,0.051,0.0,,,,
98731,2020-02-09,3.0,0.0,,,0.051,0.0,,,,
98732,2020-02-10,3.0,0.0,,,0.051,0.0,,,,
98733,2020-02-11,3.0,0.0,,,0.051,0.0,,,,
98734,2020-02-12,3.0,0.0,,,0.051,0.0,,,,
98735,2020-02-13,3.0,0.0,,,0.051,0.0,,,,
98736,2020-02-14,3.0,0.0,,,0.051,0.0,,,,
98737,2020-02-15,3.0,0.0,,,0.051,0.0,,,,
98738,2020-02-16,3.0,0.0,,,0.051,0.0,,,,
98739,2020-02-17,3.0,0.0,,,0.051,0.0,,,,
98740,2020-02-18,3.0,0.0,,,0.051,0.0,,,,
98741,2020-02-19,3.0,0.0,,,0.051,0.0,,,,
98742,2020-02-20,3.0,0.0,,,0.051,0.0,,,,
98743,2020-02-21,20.0,17.0,1.0,1.0,0.338,0.287,0.017,0.017,,
98744,2020-02-22,62.0,42.0,2.0,1.0,1.047,0.709,0.034,0.017,,
98745,2020-02-23,155.0,93.0,3.0,1.0,2.616,1.57,0.051,0.017,,
98746,2020-02-24,229.0,74.0,7.0,4.0,3.866,1.249,0.118,0.068,,
98747,2020-02-25,322.0,93.0,10.0,3.0,5.435,1.57,0.169,0.051,,
98748,2020-02-26,453.0,131.0,12.0,2.0,7.647,2.211,0.203,0.034,,
98749,2020-02-27,655.0,202.0,17.0,5.0,11.057,3.41,0.287,0.084,,
98750,2020-02-28,888.0,233.0,21.0,4.0,14.99,3.933,0.354,0.068,,
98751,2020-02-29,1128.0,240.0,29.0,8.0,19.041,4.051,0.49,0.135,,
98752,2020-03-01,1694.0,566.0,34.0,5.0,28.595,9.554,0.574,0.084,,
98753,2020-03-02,2036.0,342.0,52.0,18.0,34.368,5.773,0.878,0.304,,
98754,2020-03-03,2502.0,466.0,79.0,27.0,42.235,7.866,1.334,0.456,,
98755,2020-03-04,3089.0,587.0,107.0,28.0,52.144,9.909,1.806,0.473,,
98756,2020-03-05,3858.0,769.0,148.0,41.0,65.125,12.981,2.498,0.692,,
98757,2020-03-06,4636.0,778.0,197.0,49.0,78.257,13.133,3.325,0.827,,
98758,2020-03-07,5883.0,1247.0,233.0,36.0,99.307,21.05,3.933,0.608,,
98759,2020-03-08,7375.0,1492.0,366.0,133.0,124.493,25.186,6.178,2.245,,
98760,2020-03-09,9172.0,1797.0,463.0,97.0,154.827,30.334,7.816,1.637,,
98761,2020-03-10,10149.0,977.0,631.0,168.0,171.319,16.492,10.652,2.836,,
98762,2020-03-11,12462.0,2313.0,827.0,196.0,210.363,39.044,13.96,3.309,,
98763,2020-03-12,15113.0,2651.0,1016.0,189.0,255.113,44.75,17.15,3.19,,
98764,2020-03-13,17660.0,2547.0,1266.0,250.0,298.108,42.994,21.371,4.22,,
98765,2020-03-14,21157.0,3497.0,1441.0,175.0,357.138,59.031,24.325,2.954,,
98766,2020-03-15,24747.0,3590.0,1809.0,368.0,417.739,60.601,30.537,6.212,,
98767,2020-03-16,27980.0,3233.0,2158.0,349.0,472.313,54.574,36.428,5.891,,
98768,2020-03-17,31506.0,3526.0,2503.0,345.0,531.834,59.52,42.252,5.824,,
98769,2020-03-18,35713.0,4207.0,2978.0,475.0,602.849,71.016,50.27,8.018,,
98770,2020-03-19,41035.0,5322.0,3405.0,427.0,692.687,89.837,57.478,7.208,,
98771,2020-03-20,47021.0,5986.0,4032.0,627.0,793.733,101.046,68.062,10.584,,
98772,2020-03-21,53578.0,6557.0,4825.0,793.0,904.418,110.685,81.448,13.386,,
98773,2020-03-22,59138.0,5560.0,5476.0,651.0,998.273,93.855,92.437,10.989,,
98774,2020-03-23,63927.0,4789.0,6077.0,601.0,1079.113,80.84,102.582,10.145,,
98775,2020-03-24,69176.0,5249.0,6820.0,743.0,1167.718,88.605,115.124,12.542,,
98776,2020-03-25,74386.0,5210.0,7503.0,683.0,1255.665,87.947,126.654,11.529,,
98777,2020-03-26,80589.0,6203.0,8215.0,712.0,1360.374,104.709,138.672,12.019,,
98778,2020-03-27,86498.0,5909.0,9134.0,919.0,1460.12,99.746,154.186,15.513,,
98779,2020-03-28,92472.0,5974.0,10023.0,889.0,1560.964,100.843,169.192,15.007,,
98780,2020-03-29,97689.0,5217.0,10779.0,756.0,1649.029,88.065,181.954,12.762,,
98781,2020-03-30,101739.0,4050.0,11591.0,812.0,1717.394,68.366,195.661,13.707,,
98782,2020-03-31,105792.0,4053.0,12428.0,837.0,1785.81,68.416,209.79,14.129,,
98783,2020-04-01,110574.0,4782.0,13155.0,727.0,1866.532,80.722,222.062,12.272,,
98784,2020-04-02,115242.0,4668.0,13915.0,760.0,1945.33,78.798,234.891,12.829,,
98785,2020-04-03,119827.0,4585.0,14681.0,766.0,2022.727,77.397,247.821,12.93,,
98786,2020-04-04,124632.0,4805.0,15362.0,681.0,2103.837,81.11,259.317,11.496,,
98787,2020-04-05,128948.0,4316.0,15887.0,525.0,2176.693,72.856,268.179,8.862,,
98788,2020-04-06,132547.0,3599.0,16523.0,636.0,2237.445,60.753,278.915,10.736,,
98789,2020-04-07,135586.0,3039.0,17127.0,604.0,2288.745,51.3,289.11,10.196,,
98790,2020-04-08,139422.0,3836.0,17669.0,542.0,2353.498,64.753,298.26,9.149,,
98791,2020-04-09,143626.0,4204.0,18279.0,610.0,2424.463,70.965,308.557,10.297,,
98792,2020-04-10,147577.0,3951.0,18849.0,570.0,2491.158,66.694,318.179,9.622,,
98793,2020-04-11,152271.0,4694.0,19468.0,619.0,2570.394,79.237,328.627,10.449,,
98794,2020-04-12,156363.0,4092.0,19899.0,431.0,2639.469,69.075,335.903,7.275,,
98795,2020-04-13,159516.0,3153.0,20465.0,566.0,2692.693,53.224,345.457,9.554,,
98796,2020-04-14,162488.0,2972.0,21067.0,602.0,2742.861,50.169,355.619,10.162,,
98797,2020-04-15,165155.0,2667.0,21645.0,578.0,2787.881,45.02,365.376,9.757,,
98798,2020-04-16,168941.0,3786.0,22170.0,525.0,2851.79,63.909,374.238,8.862,,
98799,2020-04-17,172434.0,3493.0,22745.0,575.0,2910.754,58.963,383.945,9.706,,
98800,2020-04-18,175925.0,3491.0,23227.0,482.0,2969.683,58.929,392.081,8.136,,
98801,2020-04-19,178972.0,3047.0,23660.0,433.0,3021.118,51.435,399.39,7.309,,
98802,2020-04-20,181228.0,2256.0,24114.0,454.0,3059.2,38.082,407.054,7.664,,
98803,2020-04-21,183957.0,2729.0,24648.0,534.0,3105.266,46.067,416.068,9.014,,
98804,2020-04-22,187327.0,3370.0,25085.0,437.0,3162.153,56.887,423.445,7.377,,
98805,2020-04-23,189973.0,2646.0,25549.0,464.0,3206.819,44.666,431.277,7.833,,
98806,2020-04-24,192994.0,3021.0,25969.0,420.0,3257.814,50.996,438.367,7.09,,
98807,2020-04-25,195351.0,2357.0,26384.0,415.0,3297.601,39.787,445.372,7.005,,
98808,2020-04-26,197675.0,2324.0,26644.0,260.0,3336.832,39.23,449.761,4.389,,
98809,2020-04-27,199414.0,1739.0,26977.0,333.0,3366.187,29.355,455.382,5.621,,
98810,2020-04-28,201505.0,2091.0,27359.0,382.0,3401.483,35.297,461.831,6.448,,
98811,2020-04-29,203591.0,2086.0,27682.0,323.0,3436.696,35.212,467.283,5.452,,
98812,2020-04-30,205463.0,1872.0,27967.0,285.0,3468.296,31.6,472.094,4.811,,
98813,2020-05-01,207428.0,1965.0,28236.0,269.0,3501.466,33.17,476.635,4.541,,
98814,2020-05-02,209328.0,1900.0,28710.0,474.0,3533.539,32.073,484.636,8.001,,
98815,2020-05-03,210717.0,1389.0,28884.0,174.0,3556.986,23.447,487.573,2.937,,
98816,2020-05-04,211938.0,1221.0,29079.0,195.0,3577.597,20.611,490.865,3.292,,
98817,2020-05-05,213013.0,1075.0,29315.0,236.0,3595.743,18.146,494.849,3.984,,
98818,2020-05-06,214457.0,1444.0,29684.0,369.0,3620.118,24.375,501.078,6.229,,
98819,2020-05-07,215858.0,1401.0,29958.0,274.0,3643.768,23.649,505.703,4.625,,
98820,2020-05-08,217185.0,1327.0,30201.0,243.0,3666.168,22.4,509.805,4.102,,
98821,2020-05-09,218268.0,1083.0,30395.0,194.0,3684.449,18.281,513.08,3.275,,
98822,2020-05-10,219070.0,802.0,30560.0,165.0,3697.988,13.538,515.865,2.785,,
98823,2020-05-11,219814.0,744.0,30739.0,179.0,3710.547,12.559,518.886,3.022,,
98824,2020-05-12,221216.0,1402.0,30911.0,172.0,3734.213,23.666,521.79,2.903,,
98825,2020-05-13,222104.0,888.0,31106.0,195.0,3749.203,14.99,525.081,3.292,,
98826,2020-05-14,223096.0,992.0,31368.0,262.0,3765.948,16.745,529.504,4.423,,
98827,2020-05-15,223885.0,789.0,31610.0,242.0,3779.267,13.319,533.589,4.085,,
98828,2020-05-16,224760.0,875.0,31763.0,153.0,3794.037,14.77,536.172,2.583,,
98829,2020-05-17,225435.0,675.0,31908.0,145.0,3805.431,11.394,538.62,2.448,,
98830,2020-05-18,225886.0,451.0,32007.0,99.0,3813.044,7.613,540.291,1.671,,
98831,2020-05-19,226699.0,813.0,32169.0,162.0,3826.768,13.724,543.025,2.735,,
98832,2020-05-20,227364.0,665.0,32330.0,161.0,3837.993,11.225,545.743,2.718,,
98833,2020-05-21,228006.0,642.0,32486.0,156.0,3848.831,10.837,548.376,2.633,,
98834,2020-05-22,228658.0,652.0,32616.0,130.0,3859.837,11.006,550.571,2.194,,
98835,2020-05-23,229327.0,669.0,32735.0,119.0,3871.13,11.293,552.58,2.009,,
98836,2020-05-24,229858.0,531.0,32785.0,50.0,3880.093,8.963,553.424,0.844,,
98837,2020-05-25,230158.0,300.0,32877.0,92.0,3885.157,5.064,554.977,1.553,,
98838,2020-05-26,230555.0,397.0,32955.0,78.0,3891.859,6.702,556.293,1.317,,
98839,2020-05-27,231139.0,584.0,33072.0,117.0,3901.717,9.858,558.268,1.975,,
98840,2020-05-28,231732.0,593.0,33142.0,70.0,3911.727,10.01,559.45,1.182,,
98841,2020-05-29,232248.0,516.0,33229.0,87.0,3920.437,8.71,560.919,1.469,,
98842,2020-05-30,232664.0,416.0,33340.0,111.0,3927.46,7.022,562.792,1.874,,
98843,2020-05-31,232997.0,333.0,33415.0,75.0,3933.081,5.621,564.058,1.266,,
98844,2020-06-01,233197.0,200.0,33475.0,60.0,3936.457,3.376,565.071,1.013,,
98845,2020-06-02,233515.0,318.0,33530.0,55.0,3941.825,5.368,566.0,0.928,,
98846,2020-06-03,233836.0,321.0,33601.0,71.0,3947.243,5.419,567.198,1.199,,
98847,2020-06-04,234013.0,177.0,33689.0,88.0,3950.231,2.988,568.684,1.485,,
98848,2020-06-05,234531.0,518.0,33774.0,85.0,3958.975,8.744,570.118,1.435,,
98849,2020-06-06,234801.0,270.0,33846.0,72.0,3963.533,4.558,571.334,1.215,,
98850,2020-06-07,234998.0,197.0,33899.0,53.0,3966.858,3.325,572.228,0.895,,
98851,2020-06-08,235278.0,280.0,33964.0,65.0,3971.585,4.727,573.326,1.097,,
98852,2020-06-09,235561.0,283.0,34043.0,79.0,3976.362,4.777,574.659,1.334,,
98853,2020-06-10,235763.0,202.0,34114.0,71.0,3979.772,3.41,575.858,1.199,,
98854,2020-06-11,236142.0,379.0,34167.0,53.0,3986.17,6.398,576.752,0.895,,
98855,2020-06-12,236305.0,163.0,34223.0,56.0,3988.921,2.752,577.698,0.945,,
98856,2020-06-13,236651.0,346.0,34301.0,78.0,3994.762,5.841,579.014,1.317,,
98857,2020-06-14,236989.0,338.0,34345.0,44.0,4000.467,5.706,579.757,0.743,,
98858,2020-06-15,237290.0,301.0,34371.0,26.0,4005.548,5.081,580.196,0.439,,
98859,2020-06-16,237500.0,210.0,34405.0,34.0,4009.093,3.545,580.77,0.574,,
98860,2020-06-17,237828.0,328.0,34448.0,43.0,4014.63,5.537,581.496,0.726,,
98861,2020-06-18,238159.0,331.0,34514.0,66.0,4020.217,5.587,582.61,1.114,,
98862,2020-06-19,238011.0,,34561.0,47.0,4017.719,,583.403,0.793,,
98863,2020-06-20,238275.0,264.0,34610.0,49.0,4022.175,4.456,584.23,0.827,,
98864,2020-06-21,238499.0,224.0,34634.0,24.0,4025.957,3.781,584.636,0.405,,
98865,2020-06-22,238720.0,221.0,34657.0,23.0,4029.687,3.731,585.024,0.388,,
98866,2020-06-23,238833.0,113.0,34675.0,18.0,4031.595,1.907,585.328,0.304,,
98867,2020-06-24,239410.0,577.0,34644.0,,4041.335,9.74,584.804,,,
98868,2020-06-25,239706.0,296.0,34678.0,34.0,4046.331,4.997,585.378,0.574,,
98869,2020-06-26,239961.0,255.0,34708.0,30.0,4050.636,4.304,585.885,0.506,,
98870,2020-06-27,240136.0,175.0,34716.0,8.0,4053.59,2.954,586.02,0.135,,
98871,2020-06-28,240310.0,174.0,34738.0,22.0,4056.527,2.937,586.391,0.371,,
98872,2020-06-29,240436.0,126.0,34744.0,6.0,4058.654,2.127,586.492,0.101,,
98873,2020-06-30,240578.0,142.0,34767.0,23.0,4061.051,2.397,586.881,0.388,,
98874,2020-07-01,240760.0,182.0,34788.0,21.0,4064.123,3.072,587.235,0.354,,
98875,2020-07-02,240961.0,201.0,34818.0,30.0,4067.516,3.393,587.741,0.506,,
98876,2020-07-03,241184.0,223.0,34833.0,15.0,4071.28,3.764,587.995,0.253,,
98877,2020-07-04,241419.0,235.0,34854.0,21.0,4075.247,3.967,588.349,0.354,,
98878,2020-07-05,241611.0,192.0,34861.0,7.0,4078.488,3.241,588.467,0.118,,
98879,2020-07-06,241819.0,208.0,34869.0,8.0,4082.0,3.511,588.602,0.135,,
98880,2020-07-07,241956.0,137.0,34899.0,30.0,4084.312,2.313,589.109,0.506,,
98881,2020-07-08,242149.0,193.0,34914.0,15.0,4087.57,3.258,589.362,0.253,,
98882,2020-07-09,242363.0,214.0,34926.0,12.0,4091.182,3.612,589.565,0.203,,
98883,2020-07-10,242639.0,276.0,34938.0,12.0,4095.841,4.659,589.767,0.203,,
98884,2020-07-11,242827.0,188.0,34945.0,7.0,4099.015,3.174,589.885,0.118,,
98885,2020-07-12,243061.0,234.0,34954.0,9.0,4102.965,3.95,590.037,0.152,,
98886,2020-07-13,243230.0,169.0,34967.0,13.0,4105.818,2.853,590.257,0.219,,
98887,2020-07-14,243344.0,114.0,34984.0,17.0,4107.742,1.924,590.544,0.287,,
98888,2020-07-15,243506.0,162.0,34997.0,13.0,4110.477,2.735,590.763,0.219,,
98889,2020-07-16,243736.0,230.0,35017.0,20.0,4114.359,3.882,591.101,0.338,,
98890,2020-07-17,243967.0,231.0,35028.0,11.0,4118.259,3.899,591.286,0.186,,
98891,2020-07-18,244216.0,249.0,35042.0,14.0,4122.462,4.203,591.523,0.236,,
98892,2020-07-19,244434.0,218.0,35045.0,3.0,4126.142,3.68,591.573,0.051,,
98893,2020-07-20,244624.0,190.0,35058.0,13.0,4129.349,3.207,591.793,0.219,,
98894,2020-07-21,244752.0,128.0,35073.0,15.0,4131.51,2.161,592.046,0.253,,
98895,2020-07-22,245032.0,280.0,35082.0,9.0,4136.236,4.727,592.198,0.152,,
98896,2020-07-23,245338.0,306.0,35092.0,10.0,4141.402,5.165,592.367,0.169,,
98897,2020-07-24,245590.0,252.0,35097.0,5.0,4145.656,4.254,592.451,0.084,,
98898,2020-07-25,245864.0,274.0,35102.0,5.0,4150.281,4.625,592.536,0.084,,
98899,2020-07-26,246118.0,254.0,35107.0,5.0,4154.568,4.288,592.62,0.084,,
98900,2020-07-27,246286.0,168.0,35112.0,5.0,4157.404,2.836,592.704,0.084,,
98901,2020-07-28,246488.0,202.0,35123.0,11.0,4160.814,3.41,592.89,0.186,,
98902,2020-07-29,246776.0,288.0,35129.0,6.0,4165.676,4.862,592.991,0.101,,
98903,2020-07-30,247158.0,382.0,35132.0,3.0,4172.124,6.448,593.042,0.051,,
98904,2020-07-31,247537.0,379.0,35141.0,9.0,4178.522,6.398,593.194,0.152,,
98905,2020-08-01,247832.0,295.0,35146.0,5.0,4183.501,4.98,593.278,0.084,,
98906,2020-08-02,248070.0,238.0,35154.0,8.0,4187.519,4.018,593.413,0.135,,
98907,2020-08-03,248229.0,159.0,35166.0,12.0,4190.203,2.684,593.616,0.203,,
98908,2020-08-04,248419.0,190.0,35171.0,5.0,4193.41,3.207,593.7,0.084,,
98909,2020-08-05,248803.0,384.0,35181.0,10.0,4199.892,6.482,593.869,0.169,,
98910,2020-08-06,249204.0,401.0,35187.0,6.0,4206.661,6.769,593.97,0.101,,
98911,2020-08-07,249756.0,552.0,35190.0,3.0,4215.979,9.318,594.021,0.051,,
98912,2020-08-08,250103.0,347.0,35203.0,13.0,4221.837,5.857,594.24,0.219,,
98913,2020-08-09,250566.0,463.0,35205.0,2.0,4229.652,7.816,594.274,0.034,,
98914,2020-08-10,250825.0,259.0,35209.0,4.0,4234.024,4.372,594.342,0.068,,
98915,2020-08-11,251237.0,412.0,35215.0,6.0,4240.979,6.955,594.443,0.101,,
98916,2020-08-12,251713.0,476.0,35225.0,10.0,4249.014,8.035,594.612,0.169,,
98917,2020-08-13,252235.0,522.0,35231.0,6.0,4257.826,8.812,594.713,0.101,,
98918,2020-08-14,252809.0,574.0,35234.0,3.0,4267.515,9.689,594.764,0.051,,
98919,2020-08-15,253438.0,629.0,35392.0,158.0,4278.133,10.618,597.431,2.667,,
98920,2020-08-16,253915.0,477.0,35396.0,4.0,4286.185,8.052,597.498,0.068,,
98921,2020-08-17,254235.0,320.0,35400.0,4.0,4291.586,5.402,597.566,0.068,,
98922,2020-08-18,254636.0,401.0,35405.0,5.0,4298.356,6.769,597.65,0.084,,
98923,2020-08-19,255278.0,642.0,35412.0,7.0,4309.193,10.837,597.768,0.118,,
98924,2020-08-20,256118.0,840.0,35418.0,6.0,4323.372,14.18,597.87,0.101,,
98925,2020-08-21,257065.0,947.0,35427.0,9.0,4339.358,15.986,598.022,0.152,,
98926,2020-08-22,258136.0,1071.0,35430.0,3.0,4357.437,18.079,598.072,0.051,,
98927,2020-08-23,259345.0,1209.0,35437.0,7.0,4377.845,20.408,598.19,0.118,,
98928,2020-08-24,260298.0,953.0,35441.0,4.0,4393.932,16.087,598.258,0.068,,
98929,2020-08-25,261174.0,876.0,35445.0,4.0,4408.72,14.787,598.325,0.068,,
98930,2020-08-26,262540.0,1366.0,35458.0,13.0,4431.778,23.059,598.545,0.219,,
98931,2020-08-27,263949.0,1409.0,35463.0,5.0,4455.563,23.784,598.629,0.084,,
98932,2020-08-28,265409.0,1460.0,35472.0,9.0,4480.208,24.645,598.781,0.152,,
98933,2020-08-29,266853.0,1444.0,35473.0,1.0,4504.583,24.375,598.798,0.017,,
98934,2020-08-30,268218.0,1365.0,35477.0,4.0,4527.625,23.042,598.866,0.068,,
98935,2020-08-31,269214.0,996.0,35483.0,6.0,4544.438,16.813,598.967,0.101,,
98936,2020-09-01,270189.0,975.0,35491.0,8.0,4560.896,16.458,599.102,0.135,,
98937,2020-09-02,271515.0,1326.0,35497.0,6.0,4583.28,22.383,599.203,0.101,,
98938,2020-09-03,272912.0,1397.0,35507.0,10.0,4606.862,23.582,599.372,0.169,,
98939,2020-09-04,274644.0,1732.0,35518.0,11.0,4636.098,29.237,599.558,0.186,,
98940,2020-09-05,276338.0,1694.0,35534.0,16.0,4664.694,28.595,599.828,0.27,,
98941,2020-09-06,277634.0,1296.0,35541.0,7.0,4686.571,21.877,599.946,0.118,,
98942,2020-09-07,278784.0,1150.0,35553.0,12.0,4705.983,19.412,600.149,0.203,,
98943,2020-09-08,280153.0,1369.0,35563.0,10.0,4729.092,23.109,600.317,0.169,,
98944,2020-09-09,281583.0,1430.0,35577.0,14.0,4753.231,24.139,600.554,0.236,,
98945,2020-09-10,283180.0,1597.0,35587.0,10.0,4780.189,26.958,600.723,0.169,,
98946,2020-09-11,284796.0,1616.0,35597.0,10.0,4807.468,27.279,600.891,0.169,,
98947,2020-09-12,286297.0,1501.0,35603.0,6.0,4832.806,25.337,600.993,0.101,,
98948,2020-09-13,287753.0,1456.0,35610.0,7.0,4857.383,24.578,601.111,0.118,,
98949,2020-09-14,288761.0,1008.0,35624.0,14.0,4874.399,17.015,601.347,0.236,,
98950,2020-09-15,289990.0,1229.0,35633.0,9.0,4895.145,20.746,601.499,0.152,,
98951,2020-09-16,291442.0,1452.0,35645.0,12.0,4919.655,24.51,601.702,0.203,,
98952,2020-09-17,293025.0,1583.0,35658.0,13.0,4946.377,26.722,601.921,0.219,,
98953,2020-09-18,294932.0,1907.0,35668.0,10.0,4978.568,32.191,602.09,0.169,,
98954,2020-09-19,296569.0,1637.0,35692.0,24.0,5006.201,27.633,602.495,0.405,,
98955,2020-09-20,298156.0,1587.0,35707.0,15.0,5032.99,26.789,602.748,0.253,,
98956,2020-09-21,299506.0,1350.0,35724.0,17.0,5055.779,22.789,603.035,0.287,,
98957,2020-09-22,300897.0,1391.0,35738.0,14.0,5079.259,23.481,603.271,0.236,,
98958,2020-09-23,302537.0,1640.0,35758.0,20.0,5106.943,27.684,603.609,0.338,,
98959,2020-09-24,304323.0,1786.0,35781.0,23.0,5137.092,30.148,603.997,0.388,,
98960,2020-09-25,306235.0,1912.0,35801.0,20.0,5169.367,32.275,604.335,0.338,,
98961,2020-09-26,308104.0,1869.0,35818.0,17.0,5200.916,31.549,604.622,0.287,,
98962,2020-09-27,309870.0,1766.0,35835.0,17.0,5230.727,29.811,604.909,0.287,,
98963,2020-09-28,311364.0,1494.0,35851.0,16.0,5255.946,25.219,605.179,0.27,,
98964,2020-09-29,313011.0,1647.0,35875.0,24.0,5283.748,27.802,605.584,0.405,,
98965,2020-09-30,314861.0,1850.0,35894.0,19.0,5314.977,31.229,605.905,0.321,,
98966,2020-10-01,317409.0,2548.0,35918.0,24.0,5357.988,43.011,606.31,0.405,,
98967,2020-10-02,319908.0,2499.0,35941.0,23.0,5400.172,42.184,606.698,0.388,,
98968,2020-10-03,322751.0,2843.0,35968.0,27.0,5448.163,47.991,607.154,0.456,,
98969,2020-10-04,325329.0,2578.0,35986.0,18.0,5491.681,43.518,607.458,0.304,,
98970,2020-10-05,327586.0,2257.0,36002.0,16.0,5529.78,38.099,607.728,0.27,,
98971,2020-10-06,330263.0,2677.0,36030.0,28.0,5574.969,45.189,608.201,0.473,,
98972,2020-10-07,333940.0,3677.0,36061.0,31.0,5637.038,62.069,608.724,0.523,,
98973,2020-10-08,338398.0,4458.0,36083.0,22.0,5712.291,75.253,609.095,0.371,,
98974,2020-10-09,343770.0,5372.0,36111.0,28.0,5802.972,90.681,609.568,0.473,,
98975,2020-10-10,349494.0,5724.0,36140.0,29.0,5899.596,96.623,610.057,0.49,,
98976,2020-10-11,354950.0,5456.0,36166.0,26.0,5991.695,92.099,610.496,0.439,,
98977,2020-10-12,359569.0,4619.0,36205.0,39.0,6069.666,77.971,611.155,0.658,,
98978,2020-10-13,365467.0,5898.0,36246.0,41.0,6169.226,99.561,611.847,0.692,,
98979,2020-10-14,372799.0,7332.0,36289.0,43.0,6292.993,123.767,612.573,0.726,,
98980,2020-10-15,381602.0,8803.0,36372.0,83.0,6441.591,148.598,613.974,1.401,,
98981,2020-10-16,391611.0,10009.0,36427.0,55.0,6610.547,168.956,614.902,0.928,,
98982,2020-10-17,402536.0,10925.0,36474.0,47.0,6794.966,184.418,615.695,0.793,,
98983,2020-10-18,414241.0,11705.0,36543.0,69.0,6992.551,197.585,616.86,1.165,,
98984,2020-10-19,423578.0,9337.0,36616.0,73.0,7150.163,157.612,618.092,1.232,,
98985,2020-10-20,434449.0,10871.0,36705.0,89.0,7333.669,183.507,619.595,1.502,,
98986,2020-10-21,449648.0,15199.0,36832.0,127.0,7590.235,256.565,621.739,2.144,,
98987,2020-10-22,465726.0,16078.0,36968.0,136.0,7861.638,271.403,624.034,2.296,,
98988,2020-10-23,484869.0,19143.0,37059.0,91.0,8184.779,323.141,625.57,1.536,,
98989,2020-10-24,504509.0,19640.0,37210.0,151.0,8516.31,331.531,628.119,2.549,,
98990,2020-10-25,525782.0,21273.0,37338.0,128.0,8875.406,359.097,630.28,2.161,,
98991,2020-10-26,542789.0,17007.0,37479.0,141.0,9162.491,287.085,632.66,2.38,,
98992,2020-10-27,564778.0,21989.0,37700.0,221.0,9533.674,371.183,636.391,3.731,,
98993,2020-10-28,589766.0,24988.0,37905.0,205.0,9955.481,421.807,639.851,3.46,,
98994,2020-10-29,616595.0,26829.0,38122.0,217.0,10408.365,452.884,643.514,3.663,,
98995,2020-10-30,647674.0,31079.0,38321.0,199.0,10932.991,524.626,646.874,3.359,,
98996,2020-10-31,679430.0,31756.0,38618.0,297.0,11469.045,536.054,651.887,5.013,,
98997,2020-11-01,709335.0,29905.0,38826.0,208.0,11973.853,504.808,655.398,3.511,,
98998,2020-11-02,731588.0,22253.0,39059.0,233.0,12349.492,375.639,659.331,3.933,,
98999,2020-11-03,759829.0,28241.0,39412.0,353.0,12826.211,476.719,665.29,5.959,,
99000,2020-11-04,790377.0,30548.0,39764.0,352.0,13341.874,515.662,671.232,5.942,,
99001,2020-11-05,824879.0,34502.0,40192.0,428.0,13924.281,582.407,678.457,7.225,,
99002,2020-11-06,862681.0,37802.0,40638.0,446.0,14562.394,638.113,685.985,7.529,,
99003,2020-11-07,902490.0,39809.0,41063.0,425.0,15234.385,671.992,693.16,7.174,,
99004,2020-11-08,935104.0,32614.0,41394.0,331.0,15784.922,550.537,698.747,5.587,,
99005,2020-11-09,960373.0,25269.0,41750.0,356.0,16211.473,426.551,704.756,6.009,,
99006,2020-11-10,995463.0,35090.0,42330.0,580.0,16803.806,592.333,714.547,9.791,,
99007,2020-11-11,1028424.0,32961.0,42953.0,623.0,17360.2,556.395,725.063,10.516,,
99008,2020-11-12,1066401.0,37977.0,43589.0,636.0,18001.267,641.067,735.799,10.736,,
99009,2020-11-13,1107303.0,40902.0,44139.0,550.0,18691.709,690.442,745.084,9.284,,
99010,2020-11-14,1144552.0,37249.0,44683.0,544.0,19320.487,628.778,754.267,9.183,,
99011,2020-11-15,1178529.0,33977.0,45229.0,546.0,19894.032,573.545,763.483,9.217,,
99012,2020-11-16,1205881.0,27352.0,45733.0,504.0,20355.744,461.712,771.991,8.508,,
99013,2020-11-17,1238072.0,32191.0,46464.0,731.0,20899.141,543.397,784.331,12.34,,
99014,2020-11-18,1272352.0,34280.0,47217.0,753.0,21477.801,578.66,797.041,12.711,,
99015,2020-11-19,1308528.0,36176.0,47870.0,653.0,22088.466,610.665,808.064,11.023,,
99016,2020-11-20,1345767.0,37239.0,48569.0,699.0,22717.075,628.609,819.864,11.799,,
99017,2020-11-21,1380531.0,34764.0,49261.0,692.0,23303.905,586.83,831.545,11.681,,
99018,2020-11-22,1408868.0,28337.0,49823.0,562.0,23782.244,478.34,841.032,9.487,,
99019,2020-11-23,1431795.0,22927.0,50453.0,630.0,24169.261,387.017,851.666,10.635,,
99020,2020-11-24,1455022.0,23227.0,51306.0,853.0,24561.342,392.081,866.065,14.399,,
99021,2020-11-25,1480874.0,25852.0,52028.0,722.0,24997.734,436.392,878.253,12.188,,
99022,2020-11-26,1509875.0,29001.0,52850.0,822.0,25487.282,489.548,892.129,13.876,,
99023,2020-11-27,1538217.0,28342.0,53677.0,827.0,25965.706,478.424,906.089,13.96,,
99024,2020-11-28,1564532.0,26315.0,54363.0,686.0,26409.914,444.208,917.669,11.58,,
99025,2020-11-29,1585178.0,20646.0,54904.0,541.0,26758.426,348.513,926.801,9.132,,
99026,2020-11-30,1601554.0,16376.0,55576.0,672.0,27034.86,276.433,938.145,11.344,,
99027,2020-12-01,1620901.0,19347.0,56361.0,785.0,27361.444,326.585,951.396,13.251,,
99028,2020-12-02,1641610.0,20709.0,57045.0,684.0,27711.021,349.576,962.942,11.546,,
99029,2020-12-03,1664829.0,23219.0,58038.0,993.0,28102.966,391.946,979.704,16.762,,
99030,2020-12-04,1688939.0,24110.0,58852.0,814.0,28509.953,406.986,993.445,13.741,,
99031,2020-12-05,1709991.0,21052.0,59514.0,662.0,28865.319,355.366,1004.62,11.175,,
99032,2020-12-06,1728878.0,18887.0,60078.0,564.0,29184.139,318.82,1014.14,9.521,,
99033,2020-12-07,1742557.0,13679.0,60606.0,528.0,29415.045,230.907,1023.053,8.913,,
99034,2020-12-08,1757394.0,14837.0,61240.0,634.0,29665.5,250.454,1033.755,10.702,,
99035,2020-12-09,1770149.0,12755.0,61739.0,499.0,29880.809,215.309,1042.179,8.423,,
99036,2020-12-10,1787147.0,16998.0,62626.0,887.0,30167.742,286.933,1057.151,14.973,,
99037,2020-12-11,1805873.0,18726.0,63387.0,761.0,30483.844,316.102,1069.997,12.846,,
99038,2020-12-12,1825775.0,19902.0,64036.0,649.0,30819.798,335.954,1080.953,10.955,,
99039,2020-12-13,1843712.0,17937.0,64520.0,484.0,31122.582,302.784,1089.123,8.17,,
99040,2020-12-14,1855737.0,12025.0,65011.0,491.0,31325.568,202.987,1097.411,8.288,,
99041,2020-12-15,1870576.0,14839.0,65857.0,846.0,31576.056,250.488,1111.692,14.281,,
99042,2020-12-16,1888144.0,17568.0,66537.0,680.0,31872.611,296.555,1123.171,11.479,,
99043,2020-12-17,1906377.0,18233.0,67220.0,683.0,32180.391,307.78,1134.7,11.529,,
99044,2020-12-18,1921778.0,15401.0,67894.0,674.0,32440.366,259.975,1146.077,11.377,,
99045,2020-12-19,1938083.0,16305.0,68447.0,553.0,32715.601,275.235,1155.412,9.335,,
99046,2020-12-20,1953185.0,15102.0,68799.0,352.0,32970.529,254.928,1161.354,5.942,,
99047,2020-12-21,1964054.0,10869.0,69214.0,415.0,33154.002,183.473,1168.359,7.005,,
99048,2020-12-22,1977370.0,13316.0,69842.0,628.0,33378.781,224.779,1178.96,10.601,,
99049,2020-12-23,1991278.0,13908.0,70395.0,553.0,33613.553,234.772,1188.295,9.335,,
99050,2020-12-24,2009317.0,18039.0,70900.0,505.0,33918.059,304.505,1196.82,8.525,,
99051,2020-12-25,2028354.0,19037.0,71359.0,459.0,34239.411,321.352,1204.568,7.748,,
99052,2020-12-26,2038759.0,10405.0,71620.0,261.0,34415.051,175.64,1208.974,4.406,,
99053,2020-12-27,2047696.0,8937.0,71925.0,305.0,34565.911,150.86,1214.122,5.149,7350.0,
99054,2020-12-28,2056277.0,8581.0,72370.0,445.0,34710.762,144.851,1221.634,7.512,8855.0,
99055,2020-12-29,2067487.0,11210.0,73029.0,659.0,34899.991,189.229,1232.758,11.124,9954.0,
99056,2020-12-30,2083689.0,16202.0,73604.0,575.0,35173.487,273.496,1242.464,9.706,14843.0,
99057,2020-12-31,2107166.0,23477.0,74159.0,555.0,35569.788,396.301,1251.833,9.369,40800.0,
99058,2021-01-01,2129376.0,22210.0,74621.0,462.0,35944.702,374.914,1259.632,7.799,52080.0,
99059,2021-01-02,2141201.0,11825.0,74985.0,364.0,36144.312,199.611,1265.776,6.144,91165.0,
99060,2021-01-03,2155446.0,14245.0,75332.0,347.0,36384.774,240.461,1271.634,5.857,127048.0,
99061,2021-01-04,2166244.0,10798.0,75680.0,348.0,36567.048,182.274,1277.508,5.874,196702.0,0.0
99062,2021-01-05,2181619.0,15375.0,76329.0,649.0,36826.584,259.536,1288.463,10.955,276975.0,0.0
99063,2021-01-06,2201945.0,20326.0,76877.0,548.0,37169.695,343.111,1297.714,9.25,342164.0,0.0
99064,2021-01-07,2220361.0,18416.0,77291.0,414.0,37480.564,310.869,1304.702,6.988,434831.0,0.0
99065,2021-01-08,2237890.0,17529.0,77911.0,620.0,37776.461,295.896,1315.168,10.466,531830.0,0.0
99066,2021-01-09,2257866.0,19976.0,78394.0,483.0,38113.663,337.203,1323.321,8.153,620106.0,0.0
99067,2021-01-10,2276491.0,18625.0,78755.0,361.0,38428.061,314.397,1329.415,6.094,681044.0,0.0
99068,2021-01-11,2289021.0,12530.0,79203.0,448.0,38639.572,211.511,1336.978,7.562,763253.0,0.0
99069,2021-01-12,2303263.0,14242.0,79819.0,616.0,38879.983,240.411,1347.376,10.398,846816.0,0.0
99070,2021-01-13,2319036.0,15773.0,80326.0,507.0,39146.237,266.254,1355.934,8.558,942323.0,0.0
99071,2021-01-14,2336279.0,17243.0,80848.0,522.0,39437.306,291.069,1364.746,8.812,1036916.0,0.0
99072,2021-01-15,2352423.0,16144.0,81325.0,477.0,39709.823,272.517,1372.798,8.052,1127964.0,0.0
99073,2021-01-16,2368733.0,16310.0,81800.0,475.0,39985.142,275.319,1380.816,8.018,1194104.0,0.0
99074,2021-01-17,2381277.0,12544.0,82177.0,377.0,40196.89,211.748,1387.18,6.364,1231751.0,0.01
99075,2021-01-18,2390102.0,8825.0,82554.0,377.0,40345.859,148.969,1393.544,6.364,1276460.0,0.01
99076,2021-01-19,2400598.0,10496.0,83157.0,603.0,40523.036,177.177,1403.723,10.179,1310090.0,0.02
99077,2021-01-20,2414166.0,13568.0,83681.0,524.0,40752.069,229.033,1412.568,8.845,1341629.0,0.02
99078,2021-01-21,2428221.0,14055.0,84202.0,521.0,40989.323,237.254,1421.363,8.795,1378222.0,0.06
99079,2021-01-22,2441854.0,13633.0,84674.0,472.0,41219.453,230.13,1429.33,7.968,1405687.0,0.08
99080,2021-01-23,2455185.0,13331.0,85162.0,488.0,41444.486,225.033,1437.568,8.238,1445073.0,0.14
99081,2021-01-24,2466813.0,11628.0,85461.0,299.0,41640.771,196.285,1442.615,5.047,1479117.0,0.19
99082,2021-01-25,2475372.0,8559.0,85881.0,420.0,41785.25,144.479,1449.705,7.09,1548777.0,0.3
99083,2021-01-26,2485956.0,10584.0,86422.0,541.0,41963.912,178.662,1458.837,9.132,1629657.0,0.43
99084,2021-01-27,2501147.0,15191.0,86889.0,467.0,42220.342,256.43,1466.72,7.883,1700917.0,0.54
99085,2021-01-28,2515507.0,14360.0,87381.0,492.0,42462.745,242.402,1475.026,8.305,1795179.0,0.69
99086,2021-01-29,2529070.0,13563.0,87858.0,477.0,42691.693,228.949,1483.077,8.052,1894359.0,0.85
99087,2021-01-30,2541783.0,12713.0,88279.0,421.0,42906.294,214.6,1490.184,7.107,1985160.0,0.99
99088,2021-01-31,2553032.0,11249.0,88516.0,237.0,43096.181,189.888,1494.185,4.001,2045171.0,1.09
99089,2021-02-01,2560957.0,7925.0,88845.0,329.0,43229.958,133.777,1499.738,5.554,2131428.0,1.23
99090,2021-02-02,2570608.0,9651.0,89344.0,499.0,43392.871,162.913,1508.162,8.423,2220078.0,1.37
99091,2021-02-03,2583790.0,13182.0,89820.0,476.0,43615.388,222.517,1516.197,8.035,2320379.0,1.52
99092,2021-02-04,2597446.0,13656.0,90241.0,421.0,43845.907,230.519,1523.303,7.107,2429424.0,1.68
99093,2021-02-05,2611659.0,14213.0,90618.0,377.0,44085.828,239.921,1529.667,6.364,2537668.0,1.83
99094,2021-02-06,2625098.0,13439.0,91003.0,385.0,44312.684,226.856,1536.166,6.499,2615774.0,1.94
99095,2021-02-07,2636738.0,11640.0,91273.0,270.0,44509.171,196.488,1540.724,4.558,2658216.0,2.0
99096,2021-02-08,2644707.0,7969.0,91580.0,307.0,44643.691,134.52,1545.906,5.182,2725489.0,2.06
99097,2021-02-09,2655319.0,10612.0,92002.0,422.0,44822.826,179.135,1553.03,7.124,2792782.0,2.12
99098,2021-02-10,2668266.0,12947.0,92338.0,336.0,45041.376,218.55,1558.702,5.672,2866145.0,2.17
99099,2021-02-11,2683403.0,15137.0,92729.0,391.0,45296.895,255.518,1565.302,6.6,2941480.0,2.2
99100,2021-02-12,2697296.0,13893.0,93045.0,316.0,45531.414,234.519,1570.636,5.334,3016099.0,2.23
99101,2021-02-13,2710819.0,13523.0,93356.0,311.0,45759.688,228.274,1575.886,5.25,3069045.0,2.24
99102,2021-02-14,2721879.0,11060.0,93577.0,221.0,45946.385,186.697,1579.616,3.731,3099076.0,2.24
99103,2021-02-15,2729223.0,7344.0,93835.0,258.0,46070.354,123.97,1583.972,4.355,3162114.0,2.25
99104,2021-02-16,2739591.0,10368.0,94171.0,336.0,46245.37,175.016,1589.643,5.672,3233627.0,2.26
99105,2021-02-17,2751657.0,12066.0,94540.0,369.0,46449.049,203.679,1595.872,6.229,3314412.0,2.28
99106,2021-02-18,2765412.0,13755.0,94887.0,347.0,46681.239,232.19,1601.73,5.857,3405056.0,2.29
99107,2021-02-19,2780882.0,15470.0,95235.0,348.0,46942.379,261.14,1607.604,5.874,3498750.0,2.31
99108,2021-02-20,2795796.0,14914.0,95486.0,251.0,47194.133,251.754,1611.841,4.237,3577360.0,2.31
99109,2021-02-21,2809246.0,13450.0,95718.0,232.0,47421.174,227.041,1615.757,3.916,3628627.0,2.32
99110,2021-02-22,2818863.0,9617.0,95992.0,274.0,47583.513,162.339,1620.383,4.625,3734891.0,2.33
99111,2021-02-23,2832162.0,13299.0,96348.0,356.0,47808.005,224.492,1626.392,6.009,3841945.0,2.33
99112,2021-02-24,2848564.0,16402.0,96666.0,318.0,48084.877,276.872,1631.76,5.368,3964727.0,2.35
99113,2021-02-25,2868435.0,19871.0,96974.0,308.0,48420.308,335.43,1636.959,5.199,4093747.0,2.37
99114,2021-02-26,2888923.0,20488.0,97227.0,253.0,48766.153,345.845,1641.23,4.271,4233006.0,2.4
99115,2021-02-27,2907825.0,18902.0,97507.0,280.0,49085.226,319.073,1645.956,4.727,4360181.0,2.42
99116,2021-02-28,2925265.0,17440.0,97699.0,192.0,49379.62,294.394,1649.197,3.241,4438707.0,2.43
99117,2021-03-01,2938371.0,13106.0,97945.0,246.0,49600.855,221.234,1653.35,4.153,4574916.0,2.47
99118,2021-03-02,2955434.0,17063.0,98288.0,343.0,49888.885,288.03,1659.14,5.79,4737477.0,2.52
99119,2021-03-03,2976274.0,20840.0,98635.0,347.0,50240.672,351.787,1664.997,5.857,4925534.0,2.59
99120,2021-03-04,2999119.0,22845.0,98974.0,339.0,50626.305,385.633,1670.72,5.722,5124415.0,2.67
99121,2021-03-05,3023129.0,24010.0,99271.0,297.0,51031.603,405.298,1675.733,5.013,5331433.0,2.76
99122,2021-03-06,3046762.0,23633.0,99578.0,307.0,51430.537,398.934,1680.916,5.182,5510127.0,2.83
99123,2021-03-07,3067486.0,20724.0,99785.0,207.0,51780.367,349.829,1684.41,3.494,5613396.0,2.86
99124,2021-03-08,3081368.0,13882.0,100103.0,318.0,52014.7,234.334,1689.778,5.368,5795881.0,2.94
99125,2021-03-09,3101093.0,19725.0,100479.0,376.0,52347.666,332.966,1696.125,6.347,5992139.0,3.03
99126,2021-03-10,3123368.0,22275.0,100811.0,332.0,52723.677,376.011,1701.729,5.604,6208791.0,3.12
99127,2021-03-11,3149017.0,25649.0,101184.0,373.0,53156.642,432.965,1708.026,6.296,6434185.0,3.22
99128,2021-03-12,3175807.0,26790.0,101564.0,380.0,53608.867,452.226,1714.44,6.415,6647556.0,3.32
99129,2021-03-13,3201838.0,26031.0,101881.0,317.0,54048.281,439.413,1719.791,5.351,6825248.0,3.41
99130,2021-03-14,3223142.0,21304.0,102145.0,264.0,54407.901,359.62,1724.248,4.456,6931365.0,3.46
99131,2021-03-15,3238394.0,15252.0,102499.0,354.0,54665.361,257.46,1730.223,5.976,7107268.0,3.58
99132,2021-03-16,3258770.0,20376.0,103001.0,502.0,55009.315,343.955,1738.697,8.474,7248199.0,3.7
99133,2021-03-17,3281810.0,23040.0,103432.0,431.0,55398.24,388.924,1745.973,7.275,7414616.0,3.84
99134,2021-03-18,3306711.0,24901.0,103855.0,423.0,55818.578,420.339,1753.113,7.14,7578869.0,3.98
99135,2021-03-19,3332418.0,25707.0,104241.0,386.0,56252.523,433.944,1759.629,6.516,7755693.0,4.11
99136,2021-03-20,3356331.0,23913.0,104642.0,401.0,56656.183,403.661,1766.398,6.769,7932160.0,4.22
99137,2021-03-21,3376376.0,20045.0,104942.0,300.0,56994.551,338.367,1771.462,5.064,8062969.0,4.29
99138,2021-03-22,3400877.0,24501.0,105328.0,386.0,57408.137,413.586,1777.978,6.516,8259781.0,4.4
99139,2021-03-23,3419616.0,18739.0,105879.0,551.0,57724.459,316.322,1787.279,9.301,8487027.0,4.52
99140,2021-03-24,3440862.0,21246.0,106339.0,460.0,58083.1,358.641,1795.044,7.765,8745483.0,4.67
99141,2021-03-25,3464543.0,23681.0,106799.0,460.0,58482.844,399.745,1802.809,7.765,9017422.0,4.81
99142,2021-03-26,3488619.0,24076.0,107256.0,457.0,58889.257,406.412,1810.523,7.714,9290384.0,4.95
99143,2021-03-27,3512453.0,23834.0,107636.0,380.0,59291.584,402.327,1816.938,6.415,9531999.0,5.06
99144,2021-03-28,3532057.0,19604.0,107933.0,297.0,59622.507,330.923,1821.951,5.013,9695794.0,5.13
99145,2021-03-29,3544957.0,12900.0,108350.0,417.0,59840.264,217.757,1828.99,7.039,9940297.0,5.24
99146,2021-03-30,3561012.0,16055.0,108879.0,529.0,60111.279,271.015,1837.92,8.93,10211367.0,5.37
99147,2021-03-31,3584899.0,23887.0,109346.0,467.0,60514.501,403.222,1845.803,7.883,10519055.0,5.52
99148,2021-04-01,3607083.0,22184.0,109847.0,501.0,60888.975,374.475,1854.26,8.457,10808152.0,5.68
99149,2021-04-02,3629000.0,21917.0,110328.0,481.0,61258.943,369.968,1862.38,8.119,11092184.0,5.81
99150,2021-04-03,3650247.0,21247.0,110704.0,376.0,61617.601,358.658,1868.727,6.347,11323321.0,5.91
99151,2021-04-04,3668264.0,18017.0,111030.0,326.0,61921.735,304.134,1874.23,5.503,11419673.0,5.95
99152,2021-04-05,3678944.0,10680.0,111326.0,296.0,62102.017,180.283,1879.227,4.997,11591351.0,6.01
99153,2021-04-06,3686707.0,7763.0,111747.0,421.0,62233.06,131.042,1886.333,7.107,11878688.0,6.14
99154,2021-04-07,3700393.0,13686.0,112374.0,627.0,62464.085,231.025,1896.917,10.584,12214164.0,6.29
99155,2021-04-08,3717602.0,17209.0,112861.0,487.0,62754.58,290.495,1905.138,8.221,12554497.0,6.44
99156,2021-04-09,3736526.0,18924.0,113579.0,718.0,63074.024,319.445,1917.258,12.12,12891773.0,6.58
99157,2021-04-10,3754077.0,17551.0,113923.0,344.0,63370.292,296.268,1923.065,5.807,13213909.0,6.7
99158,2021-04-11,3769814.0,15737.0,114254.0,331.0,63635.939,265.647,1928.652,5.587,13416486.0,6.77
99159,2021-04-12,3779594.0,9780.0,114612.0,358.0,63801.029,165.09,1934.696,6.043,13684960.0,6.87
99160,2021-04-13,3793033.0,13439.0,115088.0,476.0,64027.884,226.856,1942.731,8.035,13975690.0,6.99
99161,2021-04-14,3809193.0,16160.0,115557.0,469.0,64300.672,272.787,1950.647,7.917,14298436.0,7.12
99162,2021-04-15,3826156.0,16963.0,115937.0,380.0,64587.014,286.342,1957.062,6.415,14651807.0,7.29
99163,2021-04-16,3842079.0,15923.0,116366.0,429.0,64855.8,268.786,1964.304,7.242,15033750.0,7.46
99164,2021-04-17,3857443.0,15364.0,116676.0,310.0,65115.15,259.35,1969.537,5.233,15394794.0,7.6
99165,2021-04-18,3870131.0,12688.0,116927.0,251.0,65329.329,214.178,1973.774,4.237,15637453.0,7.69
99166,2021-04-19,3878994.0,8863.0,117243.0,316.0,65478.94,149.611,1979.108,5.334,15949587.0,7.84
99167,2021-04-20,3891063.0,12069.0,117633.0,390.0,65682.669,203.729,1985.691,6.583,16284743.0,8.01
99168,2021-04-21,3904899.0,13836.0,117997.0,364.0,65916.226,233.557,1991.836,6.144,16659456.0,8.21
99169,2021-04-22,3920945.0,16046.0,118357.0,360.0,66187.089,270.863,1997.913,6.077,17060368.0,8.44
99170,2021-04-23,3935703.0,14758.0,118699.0,342.0,66436.21,249.121,2003.686,5.773,17467596.0,8.66
99171,2021-04-24,3949517.0,13814.0,119021.0,322.0,66669.396,233.186,2009.121,5.435,17855776.0,8.86
99172,2021-04-25,3962674.0,13157.0,119238.0,217.0,66891.491,222.095,2012.784,3.663,18124006.0,8.95
99173,2021-04-26,3971114.0,8440.0,119539.0,301.0,67033.961,142.471,2017.865,5.081,18469848.0,9.11
99174,2021-04-27,3981512.0,10398.0,119912.0,373.0,67209.484,175.522,2024.162,6.296,18844819.0,9.31
99175,2021-04-28,3994894.0,13382.0,120256.0,344.0,67435.377,225.893,2029.968,5.807,19255533.0,9.56
99176,2021-04-29,4009208.0,14314.0,120544.0,288.0,67677.003,241.626,2034.83,4.862,19787329.0,9.88
99177,2021-04-30,4022653.0,13445.0,120807.0,263.0,67903.96,226.957,2039.27,4.44,20317842.0,10.22
99178,2021-05-01,4035617.0,12964.0,121033.0,226.0,68122.797,218.837,2043.085,3.815,20752197.0,10.5
99179,2021-05-02,4044762.0,9145.0,121177.0,144.0,68277.169,154.371,2045.515,2.431,21123028.0,10.72
99180,2021-05-03,4050708.0,5946.0,121433.0,256.0,68377.539,100.371,2049.837,4.321,21537189.0,10.95
99181,2021-05-04,4059821.0,9113.0,121738.0,305.0,68531.37,153.831,2054.985,5.149,21991097.0,11.2
99182,2021-05-05,4070400.0,10579.0,122005.0,267.0,68709.948,178.578,2059.492,4.507,22478534.0,11.47
99183,2021-05-06,4082198.0,11798.0,122263.0,258.0,68909.103,199.155,2063.847,4.355,23001156.0,11.79
99184,2021-05-07,4092747.0,10549.0,122470.0,207.0,69087.174,178.071,2067.342,3.494,23547992.0,12.13
99185,2021-05-08,4102921.0,10174.0,122694.0,224.0,69258.915,171.741,2071.123,3.781,24062642.0,12.48
99186,2021-05-09,4111210.0,8289.0,122833.0,139.0,69398.837,139.922,2073.469,2.346,24446849.0,12.71
99187,2021-05-10,4116287.0,5077.0,123031.0,198.0,69484.539,85.702,2076.812,3.342,24889355.0,12.97
99188,2021-05-11,4123230.0,6943.0,123282.0,251.0,69601.739,117.201,2081.049,4.237,25348296.0,13.25
99189,2021-05-12,4131078.0,7848.0,123544.0,262.0,69734.217,132.477,2085.471,4.423,25834582.0,13.54
99190,2021-05-13,4139160.0,8082.0,123745.0,201.0,69870.644,136.427,2088.864,3.393,26365277.0,13.86
99191,2021-05-14,4146722.0,7562.0,123927.0,182.0,69998.293,127.65,2091.936,3.072,26921969.0,14.22
99192,2021-05-15,4153374.0,6652.0,124063.0,136.0,70110.582,112.288,2094.232,2.296,27467995.0,14.56
99193,2021-05-16,4159122.0,5748.0,124156.0,93.0,70207.61,97.028,2095.802,1.57,27878532.0,14.82
99194,2021-05-17,4162576.0,3454.0,124296.0,140.0,70265.915,58.305,2098.165,2.363,28346905.0,15.17
99195,2021-05-18,4167025.0,4449.0,124497.0,201.0,70341.016,75.101,2101.558,3.393,28817831.0,15.52
99196,2021-05-19,4172525.0,5500.0,124646.0,149.0,70433.858,92.842,2104.073,2.515,29306483.0,15.86
99197,2021-05-20,4178261.0,5736.0,124810.0,164.0,70530.684,96.826,2106.842,2.768,29861792.0,16.31
99198,2021-05-21,4183476.0,5215.0,125028.0,218.0,70618.715,88.031,2110.522,3.68,30435159.0,16.75
99199,2021-05-22,4188190.0,4714.0,125153.0,125.0,70698.289,79.574,2112.632,2.11,30958610.0,17.15
99200,2021-05-23,4192183.0,3993.0,125225.0,72.0,70765.693,67.403,2113.847,1.215,31366632.0,17.48
99201,2021-05-24,4194672.0,2489.0,125335.0,110.0,70807.708,42.015,2115.704,1.857,31832191.0,17.85
99202,2021-05-25,4197892.0,3220.0,125501.0,166.0,70862.063,54.355,2118.506,2.802,32312913.0,18.26
99203,2021-05-26,4201827.0,3935.0,125622.0,121.0,70928.487,66.424,2120.549,2.043,32841877.0,18.71
99204,2021-05-27,4205970.0,4143.0,125793.0,171.0,70998.423,69.935,2123.435,2.887,33433658.0,19.23
99205,2021-05-28,4209707.0,3737.0,125919.0,126.0,71061.505,63.082,2125.562,2.127,34029692.0,19.72
99206,2021-05-29,4213055.0,3348.0,126002.0,83.0,71118.02,56.516,2126.963,1.401,34555065.0,20.1
99207,2021-05-30,4216003.0,2948.0,126046.0,44.0,71167.784,49.763,2127.706,0.743,34957639.0,20.38
99208,2021-05-31,4217821.0,1818.0,126128.0,82.0,71198.472,30.689,2129.09,1.384,35438453.0,20.73
99209,2021-06-01,4220304.0,2483.0,126221.0,93.0,71240.386,41.914,2130.66,1.57,35908713.0,21.07
99210,2021-06-02,4223200.0,2896.0,126283.0,62.0,71289.272,48.886,2131.707,1.047,36321703.0,21.25
99211,2021-06-03,4225163.0,1963.0,126342.0,59.0,71322.408,33.136,2132.703,0.996,36920409.0,21.54
99212,2021-06-04,4227719.0,2556.0,126415.0,73.0,71365.555,43.146,2133.935,1.232,37554552.0,21.83
99213,2021-06-05,4230153.0,2434.0,126472.0,57.0,71406.641,41.087,2134.897,0.962,38173713.0,22.13
99214,2021-06-06,4232428.0,2275.0,126523.0,51.0,71445.044,38.403,2135.758,0.861,38686438.0,22.35
99215,2021-06-07,4233698.0,1270.0,126588.0,65.0,71466.482,21.438,2136.855,1.097,39258634.0,22.61
99216,2021-06-08,4235592.0,1894.0,126690.0,102.0,71498.454,31.971,2138.577,1.722,39842019.0,22.88
99217,2021-06-09,4237790.0,2198.0,126767.0,77.0,71535.557,37.103,2139.877,1.3,40437398.0,23.15
99218,2021-06-10,4239868.0,2078.0,126855.0,88.0,71570.634,35.077,2141.362,1.485,41072251.0,23.42
99219,2021-06-11,4241760.0,1892.0,126924.0,69.0,71602.572,31.938,2142.527,1.165,41696189.0,23.69
99220,2021-06-12,4243482.0,1722.0,126976.0,52.0,71631.64,29.068,2143.405,0.878,42263403.0,23.89
99221,2021-06-13,4244872.0,1390.0,127002.0,26.0,71655.104,23.464,2143.844,0.439,42699598.0,24.03
99222,2021-06-14,4245779.0,907.0,127038.0,36.0,71670.414,15.311,2144.451,0.608,43233979.0,24.37
99223,2021-06-15,4247032.0,1253.0,127101.0,63.0,71691.566,21.151,2145.515,1.063,43771310.0,24.75
99224,2021-06-16,4248432.0,1400.0,127153.0,52.0,71715.198,23.633,2146.392,0.878,44330135.0,25.16
99225,2021-06-17,4249755.0,1323.0,127190.0,37.0,71737.531,22.333,2147.017,0.625,44935934.0,25.65
99226,2021-06-18,4250902.0,1147.0,127225.0,35.0,71756.893,19.362,2147.608,0.591,45546349.0,26.15
99227,2021-06-19,4252095.0,1193.0,127253.0,28.0,71777.031,20.138,2148.081,0.473,46106220.0,26.6
99228,2021-06-20,4252976.0,881.0,127270.0,17.0,71791.903,14.872,2148.368,0.287,46544567.0,26.97
99229,2021-06-21,4253460.0,484.0,127291.0,21.0,71800.073,8.17,2148.722,0.354,47104127.0,27.44
99230,2021-06-22,4254294.0,834.0,127322.0,31.0,71814.151,14.078,2149.245,0.523,47676637.0,27.92
99231,2021-06-23,4255434.0,1140.0,127352.0,30.0,71833.395,19.244,2149.752,0.506,48245904.0,28.42
99232,2021-06-24,4255700.0,266.0,127362.0,10.0,71837.885,4.49,2149.921,0.169,48858771.0,28.97
99233,2021-06-25,4256451.0,751.0,127418.0,56.0,71850.562,12.677,2150.866,0.945,49477073.0,29.54
99234,2021-06-26,4257289.0,838.0,127458.0,40.0,71864.708,14.146,2151.541,0.675,50032686.0,30.03
99235,2021-06-27,4258069.0,780.0,127472.0,14.0,71877.874,13.167,2151.777,0.236,50464544.0,30.4
99236,2021-06-28,4258456.0,387.0,127500.0,28.0,71884.407,6.533,2152.25,0.473,51024895.0,30.9
99237,2021-06-29,4259133.0,677.0,127542.0,42.0,71895.835,11.428,2152.959,0.709,51589204.0,31.45
99238,2021-06-30,4259909.0,776.0,127566.0,24.0,71908.934,13.099,2153.364,0.405,52163657.0,32.01
99239,2021-07-01,4260788.0,879.0,127587.0,21.0,71923.772,14.838,2153.719,0.354,52733773.0,32.6
99240,2021-07-02,4261582.0,794.0,127615.0,28.0,71937.175,13.403,2154.191,0.473,53290240.0,33.21
99241,2021-07-03,4262511.0,929.0,127637.0,22.0,71952.857,15.682,2154.563,0.371,53817991.0,33.82
99242,2021-07-04,4263317.0,806.0,127649.0,12.0,71966.463,13.606,2154.765,0.203,54232915.0,34.29
99243,2021-07-05,4263797.0,480.0,127680.0,31.0,71974.565,8.103,2155.288,0.523,54774452.0,34.92
99244,2021-07-06,4264704.0,907.0,127704.0,24.0,71989.876,15.311,2155.694,0.405,55313636.0,35.56
99245,2021-07-07,4265714.0,1010.0,127718.0,14.0,72006.925,17.049,2155.93,0.236,55862926.0,36.24
99246,2021-07-08,4267105.0,1391.0,127731.0,13.0,72030.406,23.481,2156.149,0.219,56449569.0,37.04
99247,2021-07-09,4268491.0,1386.0,127756.0,25.0,72053.802,23.396,2156.571,0.422,57049221.0,37.87
99248,2021-07-10,4269885.0,1394.0,127768.0,12.0,72077.333,23.531,2156.774,0.203,57619047.0,38.67
99249,2021-07-11,4271276.0,1391.0,127775.0,7.0,72100.814,23.481,2156.892,0.118,58030679.0,39.26
99250,2021-07-12,4272163.0,887.0,127788.0,13.0,72115.787,14.973,2157.112,0.219,58598540.0,40.07
99251,2021-07-13,4273693.0,1530.0,127808.0,20.0,72141.614,25.827,2157.449,0.338,59170896.0,40.9
99252,2021-07-14,4275846.0,2153.0,127831.0,23.0,72177.957,36.343,2157.837,0.388,59739004.0,41.69
99253,2021-07-15,4278319.0,2473.0,127840.0,9.0,72219.702,41.745,2157.989,0.152,60354003.0,42.57
99254,2021-07-16,4281214.0,2895.0,127851.0,11.0,72268.571,48.869,2158.175,0.186,60950906.0,43.42
99255,2021-07-17,4284332.0,3118.0,127864.0,13.0,72321.204,52.633,2158.394,0.219,61489432.0,44.19
99256,2021-07-18,4287458.0,3126.0,127867.0,3.0,72373.972,52.768,2158.445,0.051,61934751.0,44.8
99257,2021-07-19,4289528.0,2070.0,127874.0,7.0,72408.915,34.942,2158.563,0.118,62509880.0,45.57
99258,2021-07-20,4293083.0,3555.0,127884.0,10.0,72468.924,60.01,2158.732,0.169,63077940.0,46.33
99259,2021-07-21,4297337.0,4254.0,127905.0,21.0,72540.734,71.809,2159.087,0.354,63662987.0,47.09
99260,2021-07-22,4302393.0,5056.0,127920.0,15.0,72626.081,85.347,2159.34,0.253,64270691.0,47.88
99261,2021-07-23,4307535.0,5142.0,127937.0,17.0,72712.88,86.799,2159.627,0.287,64859066.0,48.61
99262,2021-07-24,4312673.0,5138.0,127942.0,5.0,72799.611,86.731,2159.711,0.084,65354673.0,49.25
99263,2021-07-25,4317415.0,4742.0,127949.0,7.0,72879.658,80.047,2159.829,0.118,65718504.0,49.73
99264,2021-07-26,4320530.0,3115.0,127971.0,22.0,72932.241,52.582,2160.201,0.371,66284209.0,50.44
99265,2021-07-27,4325046.0,4516.0,127995.0,24.0,73008.472,76.232,2160.606,0.405,66858216.0,51.17
99266,2021-07-28,4330739.0,5693.0,128010.0,15.0,73104.573,96.1,2160.859,0.253,67398100.0,51.81
99267,2021-07-29,4336906.0,6167.0,128029.0,19.0,73208.674,104.101,2161.18,0.321,67938532.0,52.43
99268,2021-07-30,4343519.0,6613.0,128047.0,18.0,73320.304,111.63,2161.484,0.304,68455076.0,52.99
99269,2021-07-31,4350028.0,6509.0,128063.0,16.0,73430.178,109.874,2161.754,0.27,68888006.0,53.46
99270,2021-08-01,4355348.0,5320.0,128068.0,5.0,73519.982,89.804,2161.838,0.084,69184601.0,53.77
99271,2021-08-02,4358533.0,3185.0,128088.0,20.0,73573.746,53.764,2162.176,0.338,69662706.0,54.32
99272,2021-08-03,4363374.0,4841.0,128115.0,27.0,73655.464,81.718,2162.631,0.456,70131989.0,54.85
99273,2021-08-04,4369964.0,6590.0,128136.0,21.0,73766.706,111.242,2162.986,0.354,70610500.0,55.36
99274,2021-08-05,4377188.0,7224.0,128163.0,27.0,73888.65,121.944,2163.442,0.456,71072991.0,55.84
99275,2021-08-06,4383787.0,6599.0,128187.0,24.0,74000.044,111.394,2163.847,0.405,71513367.0,56.26
99276,2021-08-07,4390684.0,6897.0,128209.0,22.0,74116.468,116.424,2164.218,0.371,71859003.0,56.58
99277,2021-08-08,4396417.0,5733.0,128220.0,11.0,74213.243,96.775,2164.404,0.186,72118808.0,56.83
99278,2021-08-09,4400617.0,4200.0,128242.0,22.0,74284.141,70.898,2164.775,0.371,72526613.0,57.21
99279,2021-08-10,4406241.0,5624.0,128273.0,31.0,74379.076,94.935,2165.299,0.523,72904710.0,57.54
99280,2021-08-11,4413162.0,6921.0,128304.0,31.0,74495.905,116.829,2165.822,0.523,73264014.0,57.85
99281,2021-08-12,4420429.0,7267.0,128334.0,30.0,74618.575,122.67,2166.328,0.506,73603318.0,58.11
99282,2021-08-13,4427827.0,7398.0,128379.0,45.0,74743.456,124.881,2167.088,0.76,73900513.0,58.35
99283,2021-08-14,4435008.0,7181.0,128413.0,34.0,74864.674,121.218,2167.662,0.574,74029379.0,58.45
99284,2021-08-15,4440669.0,5661.0,128432.0,19.0,74960.234,95.56,2167.983,0.321,74082340.0,58.5
99285,2021-08-16,4444338.0,3669.0,128456.0,24.0,75022.168,61.934,2168.388,0.405,74317611.0,58.68
99286,2021-08-17,4449606.0,5268.0,128510.0,54.0,75111.094,88.926,2169.299,0.912,74569176.0,58.88
99287,2021-08-18,4456765.0,7159.0,128579.0,69.0,75231.941,120.847,2170.464,1.165,74829273.0,59.08
99288,2021-08-19,4464005.0,7240.0,128634.0,55.0,75354.155,122.214,2171.392,0.928,75072007.0,59.28
99289,2021-08-20,4471225.0,7220.0,128683.0,49.0,75476.031,121.876,2172.219,0.827,75303868.0,59.48
99290,2021-08-21,4478691.0,7466.0,128728.0,45.0,75602.06,126.029,2172.979,0.76,75460448.0,59.61
99291,2021-08-22,4484613.0,5922.0,128751.0,23.0,75702.026,99.966,2173.367,0.388,75573853.0,59.72
99292,2021-08-23,4488779.0,4166.0,128795.0,44.0,75772.35,70.324,2174.11,0.743,75884989.0,60.0
99293,2021-08-24,4494857.0,6078.0,128855.0,60.0,75874.949,102.599,2175.123,1.013,76166288.0,60.24
99294,2021-08-25,4502396.0,7539.0,128914.0,59.0,76002.21,127.261,2176.119,0.996,76461842.0,60.52
99295,2021-08-26,4509611.0,7215.0,128957.0,43.0,76124.002,121.792,2176.845,0.726,76744273.0,60.8
99296,2021-08-27,4517434.0,7823.0,129002.0,45.0,76256.057,132.055,2177.604,0.76,77035443.0,61.09
99297,2021-08-28,4524292.0,6858.0,129056.0,54.0,76371.823,115.766,2178.516,0.912,77263087.0,61.32
99298,2021-08-29,4530246.0,5954.0,129093.0,37.0,76472.329,100.506,2179.14,0.625,77424365.0,61.48
99299,2021-08-30,4534499.0,4253.0,129146.0,53.0,76544.121,71.792,2180.035,0.895,77775283.0,61.81
99300,2021-08-31,4539991.0,5492.0,129221.0,75.0,76636.828,92.707,2181.301,1.266,78099837.0,62.11
99301,2021-09-01,4546487.0,6496.0,129290.0,69.0,76746.483,109.655,2182.466,1.165,78414354.0,62.42
99302,2021-09-02,4553241.0,6754.0,129352.0,62.0,76860.494,114.01,2183.512,1.047,78713396.0,62.72
99303,2021-09-03,4559970.0,6729.0,129410.0,58.0,76974.082,113.588,2184.492,0.979,79009973.0,63.03
99304,2021-09-04,4566126.0,6156.0,129466.0,56.0,77077.997,103.916,2185.437,0.945,79231106.0,63.23
99305,2021-09-05,4571440.0,5314.0,129515.0,49.0,77167.7,89.702,2186.264,0.827,79374522.0,63.37
99306,2021-09-06,4574787.0,3347.0,129567.0,52.0,77224.198,56.499,2187.142,0.878,79664912.0,63.68
99307,2021-09-07,4579502.0,4715.0,129638.0,71.0,77303.789,79.591,2188.34,1.199,79948207.0,64.0
99308,2021-09-08,4585423.0,5921.0,129707.0,69.0,77403.738,99.949,2189.505,1.165,80220209.0,64.3
99309,2021-09-09,4590941.0,5518.0,129766.0,59.0,77496.884,93.146,2190.501,0.996,80498970.0,64.63
99310,2021-09-10,4596558.0,5617.0,129828.0,62.0,77591.701,94.817,2191.548,1.047,80773160.0,64.94
99311,2021-09-11,4601749.0,5191.0,129885.0,57.0,77679.328,87.626,2192.51,0.962,80978582.0,65.17
99312,2021-09-12,4606413.0,4664.0,129919.0,34.0,77758.058,78.73,2193.084,0.574,81111017.0,65.31
99313,2021-09-13,4609205.0,2792.0,129955.0,36.0,77805.188,47.13,2193.691,0.608,81367926.0,65.62
99314,2021-09-14,4613214.0,4009.0,130027.0,72.0,77872.861,67.673,2194.907,1.215,81607813.0,65.91
99315,2021-09-15,4618040.0,4826.0,130100.0,73.0,77954.326,81.465,2196.139,1.232,81831918.0,66.17
99316,2021-09-16,4623155.0,5115.0,130167.0,67.0,78040.669,86.343,2197.27,1.131,82048490.0,66.43
99317,2021-09-17,4627699.0,4544.0,130233.0,66.0,78117.374,76.705,2198.384,1.114,82267410.0,66.67
99318,2021-09-18,4632275.0,4576.0,130284.0,51.0,78194.618,77.245,2199.245,0.861,82474735.0,66.88
99319,2021-09-19,4636111.0,3836.0,130310.0,26.0,78259.372,64.753,2199.684,0.439,82605785.0,67.01
99320,2021-09-20,4638516.0,2405.0,130354.0,44.0,78299.969,40.597,2200.427,0.743,82872868.0,67.3
99321,2021-09-21,4641890.0,3374.0,130421.0,67.0,78356.923,56.954,2201.558,1.131,83129394.0,67.57
99322,2021-09-22,4645853.0,3963.0,130488.0,67.0,78423.82,66.897,2202.689,1.131,83381671.0,67.82
99323,2021-09-23,4649906.0,4053.0,130551.0,63.0,78492.237,68.416,2203.752,1.063,83612050.0,68.05
99324,2021-09-24,4653696.0,3790.0,130603.0,52.0,78556.213,63.977,2204.63,0.878,83847669.0,68.27
99325,2021-09-25,4657215.0,3519.0,130653.0,50.0,78615.615,59.402,2205.474,0.844,84052955.0,68.46
99326,2021-09-26,4660314.0,3099.0,130697.0,44.0,78667.928,52.312,2206.217,0.743,84180551.0,68.58
99327,2021-09-27,4662087.0,1773.0,130742.0,45.0,78697.857,29.929,2206.976,0.76,84402917.0,68.79
99328,2021-09-28,4665049.0,2962.0,130807.0,65.0,78747.856,50.0,2208.073,1.097,84605518.0,68.98
99329,2021-09-29,4668261.0,3212.0,130870.0,63.0,78802.076,54.22,2209.137,1.063,84803142.0,69.16
99330,2021-09-30,4672355.0,4094.0,130921.0,51.0,78871.185,69.108,2209.998,0.861,85007640.0,69.33
99331,2021-10-01,4675758.0,3403.0,130973.0,52.0,78928.629,57.444,2210.876,0.878,85184511.0,69.48
99332,2021-10-02,4679067.0,3309.0,130998.0,25.0,78984.486,55.857,2211.298,0.422,85335033.0,69.61
99333,2021-10-03,4682034.0,2967.0,131031.0,33.0,79034.57,50.084,2211.855,0.557,85421218.0,69.68
99334,2021-10-04,4683646.0,1612.0,131068.0,37.0,79061.781,27.211,2212.479,0.625,85596795.0,69.83
99335,2021-10-05,4686109.0,2463.0,131118.0,50.0,79103.357,41.576,2213.323,0.844,85763174.0,69.95
99336,2021-10-06,4689341.0,3232.0,131157.0,39.0,79157.915,54.557,2213.982,0.658,85922658.0,70.07
99337,2021-10-07,4692274.0,2933.0,131198.0,41.0,79207.425,49.51,2214.674,0.692,86083699.0,70.18
99338,2021-10-08,4695291.0,3017.0,131228.0,30.0,79258.353,50.928,2215.18,0.506,86256571.0,70.31
99339,2021-10-09,4698038.0,2747.0,131274.0,46.0,79304.724,46.37,2215.957,0.776,86405080.0,70.43
99340,2021-10-10,4700316.0,2278.0,131301.0,27.0,79343.177,38.454,2216.412,0.456,86490428.0,70.5
99341,2021-10-11,4701832.0,1516.0,131335.0,34.0,79368.768,25.591,2216.986,0.574,86673726.0,70.64
99342,2021-10-12,4704318.0,2486.0,131384.0,49.0,79410.733,41.965,2217.813,0.827,86863552.0,70.77
99343,2021-10-13,4707087.0,2769.0,131421.0,37.0,79457.474,46.742,2218.438,0.625,87068865.0,70.92
99344,2021-10-14,4709753.0,2666.0,131461.0,40.0,79502.477,45.003,2219.113,0.675,87294505.0,71.06
99345,2021-10-15,4712482.0,2729.0,131503.0,42.0,79548.544,46.067,2219.822,0.709,87514318.0,71.21
99346,2021-10-16,4715464.0,2982.0,131517.0,14.0,79598.881,50.337,2220.059,0.236,87685747.0,71.34
99347,2021-10-17,4717899.0,2435.0,131541.0,24.0,79639.985,41.104,2220.464,0.405,87789837.0,71.42
99348,2021-10-18,4719493.0,1594.0,131585.0,44.0,79666.892,26.907,2221.206,0.743,87987247.0,71.57
99349,2021-10-19,4722188.0,2695.0,131655.0,70.0,79712.385,45.493,2222.388,1.182,88173619.0,71.69
99350,2021-10-20,4725887.0,3699.0,131688.0,33.0,79774.826,62.441,2222.945,0.557,88361829.0,71.81
99351,2021-10-21,4729678.0,3791.0,131724.0,36.0,79838.819,63.994,2223.553,0.608,88553804.0,71.94
99352,2021-10-22,4733557.0,3879.0,131763.0,39.0,79904.298,65.479,2224.211,0.658,88734539.0,72.06
99353,2021-10-23,4737462.0,3905.0,131802.0,39.0,79970.216,65.918,2224.869,0.658,88868356.0,72.16
99354,2021-10-24,4741185.0,3723.0,131826.0,24.0,80033.062,62.846,2225.275,0.405,88936025.0,72.21
99355,2021-10-25,4743720.0,2535.0,131856.0,30.0,80075.854,42.792,2225.781,0.506,89106218.0,72.31
99356,2021-10-26,4747773.0,4053.0,131904.0,48.0,80144.27,68.416,2226.591,0.81,89277864.0,72.41
99357,2021-10-27,4752368.0,4595.0,131954.0,50.0,80221.835,77.565,2227.435,0.844,89461399.0,72.5
99358,2021-10-28,4757231.0,4863.0,132004.0,50.0,80303.925,82.089,2228.279,0.844,89657274.0,72.6
99359,2021-10-29,4762563.0,5332.0,132037.0,33.0,80393.931,90.006,2228.836,0.557,89840756.0,72.7
99360,2021-10-30,4767440.0,4877.0,132074.0,37.0,80476.257,82.326,2229.461,0.625,89975087.0,72.78
99361,2021-10-31,4771965.0,4525.0,132100.0,26.0,80552.64,76.384,2229.9,0.439,90035989.0,72.82
99362,2021-11-01,4774783.0,2818.0,132120.0,20.0,80600.209,47.569,2230.237,0.338,90088692.0,72.86
99363,2021-11-02,4777614.0,2831.0,132161.0,41.0,80647.998,47.788,2230.93,0.692,90257301.0,72.96
99364,2021-11-03,4782802.0,5188.0,132224.0,63.0,80735.573,87.575,2231.993,1.063,90453613.0,73.06
99365,2021-11-04,4788704.0,5902.0,132283.0,59.0,80835.201,99.628,2232.989,0.996,90657070.0,73.15
99366,2021-11-05,4795465.0,6761.0,132334.0,51.0,80949.33,114.128,2233.85,0.861,90873523.0,73.26
99367,2021-11-06,4802225.0,6760.0,132365.0,31.0,81063.441,114.111,2234.373,0.523,91026572.0,73.33
99368,2021-11-07,4808047.0,5822.0,132391.0,26.0,81161.719,98.278,2234.812,0.439,91093809.0,73.37
99369,2021-11-08,4812594.0,4547.0,132423.0,32.0,81238.474,76.755,2235.352,0.54,91294976.0,73.45
99370,2021-11-09,4818705.0,6111.0,132491.0,68.0,81341.63,103.156,2236.5,1.148,91502433.0,73.53
99371,2021-11-10,4826738.0,8033.0,132551.0,60.0,81477.23,135.6,2237.513,1.013,91720092.0,73.6
99372,2021-11-11,4835435.0,8697.0,132618.0,67.0,81624.039,146.809,2238.644,1.131,91939074.0,73.67
99373,2021-11-12,4843957.0,8522.0,132686.0,68.0,81767.894,143.855,2239.792,1.148,92162913.0,73.74
99374,2021-11-13,4852496.0,8539.0,132739.0,53.0,81912.035,144.142,2240.686,0.895,92330169.0,73.8
99375,2021-11-14,4860061.0,7565.0,132775.0,36.0,82039.735,127.7,2241.294,0.608,92404357.0,73.82
99376,2021-11-15,4865260.0,5199.0,132819.0,44.0,82127.497,87.761,2242.037,0.743,92616710.0,73.88
99377,2021-11-16,4873075.0,7815.0,132893.0,74.0,82259.417,131.92,2243.286,1.249,92836383.0,73.93
99378,2021-11-17,4883242.0,10167.0,132965.0,72.0,82431.04,171.623,2244.501,1.215,93061060.0,73.98
99379,2021-11-18,4893887.0,10645.0,133034.0,69.0,82610.732,179.692,2245.666,1.165,93305323.0,74.03
99380,2021-11-19,4904441.0,10554.0,133082.0,48.0,82788.887,178.156,2246.476,0.81,93560031.0,74.07
99381,2021-11-20,4915981.0,11540.0,133131.0,49.0,82983.687,194.8,2247.303,0.827,93754910.0,74.11
99382,2021-11-21,4925688.0,9707.0,133177.0,46.0,83147.545,163.858,2248.08,0.776,93838828.0,74.12
99383,2021-11-22,4932091.0,6403.0,133247.0,70.0,83255.63,108.085,2249.262,1.182,94095104.0,74.16
99384,2021-11-23,4942135.0,10044.0,133330.0,83.0,83425.177,169.547,2250.663,1.401,94381074.0,74.2
99385,2021-11-24,4954585.0,12450.0,133415.0,85.0,83635.338,210.161,2252.098,1.435,94700829.0,74.24
99386,2021-11-25,4968341.0,13756.0,133486.0,71.0,83867.544,232.207,2253.296,1.199,95051854.0,74.28
99387,2021-11-26,4982022.0,13681.0,133537.0,51.0,84098.485,230.941,2254.157,0.861,95422676.0,74.32
99388,2021-11-27,4994891.0,12869.0,133627.0,90.0,84315.719,217.234,2255.676,1.519,95738239.0,74.35
99389,2021-11-28,5007818.0,12927.0,133674.0,47.0,84533.932,218.213,2256.47,0.793,95899719.0,74.36
99390,2021-11-29,5015790.0,7972.0,133739.0,65.0,84668.502,134.57,2257.567,1.097,96279994.0,74.4
99391,2021-11-30,5028547.0,12757.0,133828.0,89.0,84883.845,215.343,2259.069,1.502,96699922.0,74.43
99392,2021-12-01,5043620.0,15073.0,133931.0,103.0,85138.283,254.438,2260.808,1.739,97165247.0,74.47
99393,2021-12-02,5060430.0,16810.0,134003.0,72.0,85422.043,283.759,2262.023,1.215,97660592.0,74.5
99394,2021-12-03,5077445.0,17015.0,134077.0,74.0,85709.263,287.22,2263.272,1.249,98185629.0,74.54
99395,2021-12-04,5094072.0,16627.0,134152.0,75.0,85989.933,280.67,2264.538,1.266,98656757.0,74.57
99396,2021-12-05,5109082.0,15010.0,134195.0,43.0,86243.308,253.375,2265.264,0.726,98951532.0,74.59
99397,2021-12-06,5118576.0,9494.0,134287.0,92.0,86403.57,160.262,2266.817,1.553,99476166.0,74.63
99398,2021-12-07,5134318.0,15742.0,134386.0,99.0,86669.301,265.731,2268.488,1.671,100020162.0,74.66
99399,2021-12-08,5152264.0,17946.0,134472.0,86.0,86972.237,302.936,2269.94,1.452,100301742.0,74.68
99400,2021-12-09,5164780.0,12516.0,134551.0,79.0,87183.512,211.275,2271.274,1.334,100860268.0,74.73
99401,2021-12-10,5185270.0,20490.0,134669.0,118.0,87529.391,345.879,2273.266,1.992,101439183.0,74.77
99402,2021-12-11,5206305.0,21035.0,134765.0,96.0,87884.47,355.079,2274.886,1.621,101951033.0,74.8
99403,2021-12-12,5225517.0,19212.0,134831.0,66.0,88208.776,324.306,2276.0,1.114,102276231.0,74.82
99404,2021-12-13,5238221.0,12704.0,134929.0,98.0,88423.225,214.449,2277.654,1.654,102799699.0,74.86
99405,2021-12-14,5258886.0,20665.0,135049.0,120.0,88772.058,348.833,2279.68,2.026,103348728.0,74.89
99406,2021-12-15,5282076.0,23190.0,135178.0,129.0,89163.514,391.456,2281.858,2.178,103919213.0,74.93
99407,2021-12-16,5308180.0,26104.0,135301.0,123.0,89604.16,440.646,2283.934,2.076,104509515.0,74.97
99408,2021-12-17,5336795.0,28615.0,135421.0,120.0,90087.192,483.032,2285.96,2.026,105093816.0,75.02
99409,2021-12-18,5364852.0,28057.0,135544.0,123.0,90560.805,473.613,2288.036,2.076,105638852.0,75.06
99410,2021-12-19,5389155.0,24303.0,135641.0,97.0,90971.05,410.244,2289.673,1.637,105989622.0,75.08
99411,2021-12-20,5405360.0,16205.0,135778.0,137.0,91244.596,273.547,2291.986,2.313,106535925.0,75.12
99412,2021-12-21,5436143.0,30783.0,135931.0,153.0,91764.225,519.629,2294.569,2.583,107097358.0,75.17
99413,2021-12-22,5472469.0,36326.0,136077.0,146.0,92377.423,613.197,2297.033,2.465,107650193.0,75.21
99414,2021-12-23,5517054.0,44585.0,136245.0,168.0,93130.035,752.612,2299.869,2.836,108144665.0,75.25
99415,2021-12-24,5567644.0,50590.0,136386.0,141.0,93984.014,853.979,2302.249,2.38,108382480.0,75.27
99416,2021-12-25,5622431.0,54787.0,136530.0,144.0,94908.84,924.826,2304.68,2.431,108419131.0,75.28
99417,2021-12-26,5647313.0,24882.0,136611.0,81.0,95328.858,420.018,2306.047,1.367,108602689.0,75.29
99418,2021-12-27,5678112.0,30799.0,136753.0,142.0,95848.757,519.899,2308.444,2.397,109199834.0,75.36
99419,2021-12-28,5756412.0,78300.0,136955.0,202.0,97170.492,1321.735,2311.854,3.41,109851405.0,75.42
99420,2021-12-29,5854428.0,98016.0,137091.0,136.0,98825.04,1654.549,2314.15,2.296,110492347.0,75.47
99421,2021-12-30,5981428.0,127000.0,137247.0,156.0,100968.85,2143.81,2316.783,2.633,111075138.0,75.52
99422,2021-12-31,6125683.0,144255.0,137402.0,155.0,103403.931,2435.081,2319.4,2.616,111356147.0,75.54
99423,2022-01-01,6266939.0,141256.0,137513.0,111.0,105788.388,2384.457,2321.273,1.874,111429315.0,75.55
99424,2022-01-02,6328076.0,61137.0,137646.0,133.0,106820.404,1032.017,2323.518,2.245,111768657.0,75.58
99425,2022-01-03,6396110.0,68034.0,137786.0,140.0,107968.845,1148.441,2325.882,2.363,112396064.0,75.65
99426,2022-01-04,6566947.0,170837.0,138045.0,259.0,110852.64,2883.796,2330.254,4.372,113084546.0,75.71
99427,2022-01-05,6756035.0,189088.0,138276.0,231.0,114044.52,3191.88,2334.153,3.899,113751261.0,75.77
99428,2022-01-06,6975465.0,219430.0,138474.0,198.0,117748.584,3704.064,2337.495,3.342,114091881.0,75.8
99429,2022-01-07,7083762.0,108297.0,138697.0,223.0,119576.68,1828.096,2341.26,3.764,114779451.0,75.9
99430,2022-01-08,7281297.0,197535.0,138881.0,184.0,122911.149,3334.468,2344.366,3.106,115420535.0,75.99
99431,2022-01-09,7436939.0,155642.0,139038.0,157.0,125538.447,2627.298,2347.016,2.65,115841793.0,76.05
99432,2022-01-10,7554344.0,117405.0,139265.0,227.0,127520.289,1981.842,2350.848,3.832,116509959.0,76.15
99433,2022-01-11,7774863.0,220519.0,139559.0,294.0,131242.736,3722.447,2355.811,4.963,117234614.0,76.24
99434,2022-01-12,7971068.0,196205.0,139872.0,313.0,134554.753,3312.017,2361.094,5.284,117947691.0,76.33
99435,2022-01-13,8155645.0,184577.0,140188.0,316.0,137670.486,3115.732,2366.428,5.334,118655225.0,76.42
99436,2022-01-14,8356514.0,200869.0,140548.0,360.0,141061.233,3390.747,2372.505,6.077,119362717.0,76.49
99437,2022-01-15,8549450.0,192936.0,140856.0,308.0,144318.068,3256.835,2377.705,5.199,120063141.0,76.54
99438,2022-01-16,8706915.0,157465.0,141104.0,248.0,146976.139,2658.071,2381.891,4.186,120497346.0,76.59
99439,2022-01-17,8790302.0,83387.0,141391.0,287.0,148383.745,1407.605,2386.736,4.845,121096075.0,76.67
99440,2022-01-18,9018425.0,228123.0,141825.0,434.0,152234.55,3850.806,2394.062,7.326,121726340.0,76.76
99441,2022-01-19,9219391.0,200966.0,142205.0,380.0,155626.935,3392.385,2400.476,6.415,122336886.0,76.85
99442,2022-01-20,9418256.0,198865.0,142590.0,385.0,158983.854,3356.919,2406.975,6.499,122940165.0,76.94
99443,2022-01-21,9603856.0,185600.0,142963.0,373.0,162116.855,3133.001,2413.271,6.296,123526385.0,77.0
99444,2022-01-22,9781191.0,177335.0,143296.0,333.0,165110.34,2993.484,2418.893,5.621,124092396.0,77.04
99445,2022-01-23,9923678.0,142487.0,143523.0,227.0,167515.576,2405.236,2422.725,3.832,124440665.0,77.1
99446,2022-01-24,10001344.0,77666.0,143875.0,352.0,168826.608,1311.033,2428.666,5.942,124971350.0,77.19
99447,2022-01-25,10212621.0,211277.0,144343.0,468.0,172393.047,3566.439,2436.566,7.9,125522786.0,77.29
99448,2022-01-26,10383561.0,170940.0,144770.0,427.0,175278.581,2885.534,2443.774,7.208,126053739.0,77.38
99449,2022-01-27,10539601.0,156040.0,145159.0,389.0,177912.598,2634.016,2450.341,6.566,126571943.0,77.46
99450,2022-01-28,10683948.0,144347.0,145537.0,378.0,180349.232,2436.634,2456.722,6.381,127104537.0,77.55
99451,2022-01-29,10821375.0,137427.0,145914.0,377.0,182669.053,2319.822,2463.086,6.364,127632878.0,77.66
99452,2022-01-30,10925485.0,104110.0,146149.0,235.0,184426.471,1757.418,2467.052,3.967,127953332.0,77.74
99453,2022-01-31,10983116.0,57631.0,146498.0,349.0,185399.305,972.834,2472.944,5.891,128404526.0,77.84
99454,2022-02-01,11116422.0,133306.0,146925.0,427.0,187649.562,2250.258,2480.152,7.208,128829423.0,77.95
99455,2022-02-02,11235745.0,119323.0,147320.0,395.0,189663.781,2014.219,2486.819,6.668,129217119.0,78.05
99456,2022-02-03,11348701.0,112956.0,147734.0,414.0,191570.523,1906.742,2493.808,6.988,129577732.0,78.15
99457,2022-02-04,11449601.0,100900.0,148167.0,433.0,193273.755,1703.232,2501.117,7.309,129945267.0,78.26
99458,2022-02-05,11542793.0,93192.0,148542.0,375.0,194846.872,1573.118,2507.447,6.33,130310858.0,78.4
99459,2022-02-06,11621736.0,78943.0,148771.0,229.0,196179.461,1332.589,2511.313,3.866,130501514.0,78.49
99460,2022-02-07,11663338.0,41602.0,149097.0,326.0,196881.719,702.258,2516.816,5.503,130785513.0,78.6
99461,2022-02-08,11765767.0,102429.0,149512.0,415.0,198610.761,1729.042,2523.821,7.005,131058442.0,78.71
99462,2022-02-09,11847436.0,81669.0,149896.0,384.0,199989.365,1378.605,2530.303,6.482,131301380.0,78.8
99463,2022-02-10,11923631.0,76195.0,150221.0,325.0,201275.567,1286.201,2535.789,5.486,131539698.0,78.9
99464,2022-02-11,11991109.0,67478.0,150555.0,334.0,202414.622,1139.055,2541.427,5.638,131781084.0,79.0
99465,2022-02-12,12053330.0,62221.0,150824.0,269.0,203464.937,1050.315,2545.968,4.541,132024103.0,79.12
99466,2022-02-13,12105675.0,52345.0,151015.0,191.0,204348.541,883.604,2549.192,3.224,132143538.0,79.19
99467,2022-02-14,12134451.0,28776.0,151296.0,281.0,204834.291,485.75,2553.936,4.743,132316223.0,79.27
99468,2022-02-15,12205474.0,71023.0,151684.0,388.0,206033.187,1198.896,2560.485,6.55,132499627.0,79.35
99469,2022-02-16,12265343.0,59869.0,151962.0,278.0,207043.799,1010.612,2565.178,4.693,132660895.0,79.42
99470,2022-02-17,12323398.0,58055.0,152282.0,320.0,208023.791,979.991,2570.58,5.402,132810257.0,79.49
99471,2022-02-18,12377098.0,53700.0,152596.0,314.0,208930.268,906.477,2575.88,5.3,132978481.0,79.57
99472,2022-02-19,12427773.0,50675.0,152848.0,252.0,209785.681,855.414,2580.134,4.254,133140740.0,79.65
99473,2022-02-20,12469975.0,42202.0,152989.0,141.0,210498.068,712.386,2582.514,2.38,133216227.0,79.71
99474,2022-02-21,12494459.0,24484.0,153190.0,201.0,210911.367,413.3,2585.907,3.393,133349600.0,79.77
99475,2022-02-22,12554596.0,60137.0,153512.0,322.0,211926.503,1015.136,2591.343,5.435,133476648.0,79.83
99476,2022-02-23,12603758.0,49162.0,153764.0,252.0,212756.377,829.874,2595.597,4.254,133595232.0,79.89
99477,2022-02-24,12651251.0,47493.0,154013.0,249.0,213558.078,801.7,2599.8,4.203,133711744.0,79.94
99478,2022-02-25,12693320.0,42069.0,154206.0,193.0,214268.219,710.141,2603.058,3.258,133842533.0,80.0
99479,2022-02-26,12732680.0,39360.0,154416.0,210.0,214932.631,664.412,2606.603,3.545,133976123.0,80.06
99480,2022-02-27,12764558.0,31878.0,154560.0,144.0,215470.744,538.113,2609.033,2.431,134036678.0,80.1
99481,2022-02-28,12782836.0,18278.0,154767.0,207.0,215779.284,308.54,2612.528,3.494,134151856.0,80.14
99482,2022-03-01,12829972.0,47136.0,155000.0,233.0,216574.958,795.674,2616.461,3.933,134236734.0,80.18
99483,2022-03-02,12867918.0,37946.0,155214.0,214.0,217215.502,640.543,2620.073,3.612,134316402.0,80.22
99484,2022-03-03,12910506.0,42588.0,155399.0,185.0,217934.404,718.902,2623.196,3.123,134402279.0,80.26
99485,2022-03-04,12948859.0,38353.0,155609.0,210.0,218581.817,647.414,2626.741,3.545,134495720.0,80.29
99486,2022-03-05,12990223.0,41364.0,155782.0,173.0,219280.058,698.241,2629.661,2.92,134584433.0,80.33
99487,2022-03-06,13026112.0,35889.0,155887.0,105.0,219885.878,605.82,2631.434,1.772,134613778.0,80.35
99488,2022-03-07,13048774.0,22662.0,156017.0,130.0,220268.422,382.543,2633.628,2.194,134687826.0,80.37
99489,2022-03-08,13109527.0,60753.0,156201.0,184.0,221293.956,1025.534,2636.734,3.106,134758770.0,80.4
99490,2022-03-09,13159342.0,49815.0,156357.0,156.0,222134.853,840.897,2639.367,2.633,134825180.0,80.42
99491,2022-03-10,13214498.0,55156.0,156493.0,136.0,223065.908,931.055,2641.663,2.296,134898092.0,80.44
99492,2022-03-11,13268459.0,53961.0,156649.0,156.0,223976.791,910.883,2644.297,2.633,134977686.0,80.47
99493,2022-03-12,13323179.0,54720.0,156782.0,133.0,224900.486,923.695,2646.542,2.245,135055637.0,80.49
99494,2022-03-13,13373207.0,50028.0,156868.0,86.0,225744.978,844.492,2647.993,1.452,135079847.0,80.5
99495,2022-03-14,13402905.0,29698.0,156997.0,129.0,226246.292,501.314,2650.171,2.178,135142244.0,80.52
99496,2022-03-15,13489319.0,86414.0,157177.0,180.0,227704.994,1458.702,2653.209,3.038,135205670.0,80.54
99497,2022-03-16,13563466.0,74147.0,157314.0,137.0,228956.625,1251.63,2655.522,2.313,135262468.0,80.55
99498,2022-03-17,13645834.0,82368.0,157442.0,128.0,230347.029,1390.404,2657.683,2.161,135322556.0,80.57
99499,2022-03-18,13724411.0,78577.0,157607.0,165.0,231673.439,1326.411,2660.468,2.785,135387178.0,80.59
99500,2022-03-19,13800179.0,75768.0,157692.0,85.0,232952.433,1278.994,2661.903,1.435,135447667.0,80.6
99501,2022-03-20,13861743.0,61564.0,157785.0,93.0,233991.657,1039.224,2663.473,1.57,135462940.0,80.61
99502,2022-03-21,13895188.0,33445.0,157904.0,119.0,234556.222,564.565,2665.481,2.009,135515107.0,80.62
99503,2022-03-22,13992092.0,96904.0,158101.0,197.0,236192.0,1635.778,2668.807,3.325,135565615.0,80.63
99504,2022-03-23,14070450.0,78358.0,158254.0,153.0,237514.713,1322.714,2671.39,2.583,135610411.0,80.64
99505,2022-03-24,14153098.0,82648.0,158436.0,182.0,238909.844,1395.131,2674.462,3.072,135661989.0,80.66
99506,2022-03-25,14229495.0,76397.0,158582.0,146.0,240199.455,1289.611,2676.926,2.465,135718070.0,80.67
99507,2022-03-26,14304111.0,74616.0,158700.0,118.0,241459.003,1259.547,2678.918,1.992,135771515.0,80.68
99508,2022-03-27,14364723.0,60612.0,158782.0,82.0,242482.157,1023.154,2680.302,1.384,135784480.0,80.69
99509,2022-03-28,14396283.0,31560.0,158877.0,95.0,243014.902,532.745,2681.906,1.604,135829100.0,80.7
99510,2022-03-29,14496579.0,100296.0,159054.0,177.0,244707.938,1693.036,2684.894,2.988,135871001.0,80.71
99511,2022-03-30,14567990.0,71411.0,159224.0,170.0,245913.384,1205.446,2687.764,2.87,135909729.0,80.71
99512,2022-03-31,14642354.0,74364.0,159383.0,159.0,247168.677,1255.293,2690.448,2.684,135952189.0,80.72
99513,2022-04-01,14719394.0,77040.0,159537.0,154.0,248469.143,1300.465,2693.047,2.6,135984057.0,80.73
99514,2022-04-02,14790806.0,71412.0,159666.0,129.0,249674.605,1205.463,2695.225,2.178,136013831.0,80.74
99515,2022-04-03,14845815.0,55009.0,159784.0,118.0,250603.179,928.573,2697.217,1.992,136019793.0,80.74
99516,2022-04-04,14877144.0,31329.0,159909.0,125.0,251132.024,528.846,2699.327,2.11,136046991.0,80.75
99517,2022-04-05,14966058.0,88914.0,160103.0,194.0,252632.928,1500.903,2702.601,3.275,136075988.0,80.75
99518,2022-04-06,15035943.0,69885.0,160253.0,150.0,253812.614,1179.686,2705.133,2.532,136104192.0,80.76
99519,2022-04-07,15106066.0,70123.0,160402.0,149.0,254996.318,1183.704,2707.649,2.515,136133740.0,80.76
99520,2022-04-08,15173707.0,67641.0,160546.0,144.0,256138.124,1141.807,2710.079,2.431,136167567.0,80.77
99521,2022-04-09,15238128.0,64421.0,160658.0,112.0,257225.576,1087.452,2711.97,1.891,136197813.0,80.78
99522,2022-04-10,15292048.0,53920.0,160748.0,90.0,258135.767,910.191,2713.489,1.519,136203688.0,80.78
99523,2022-04-11,15320753.0,28705.0,160863.0,115.0,258620.318,484.552,2715.431,1.941,136232322.0,80.79
99524,2022-04-12,15404809.0,84056.0,161032.0,169.0,260039.217,1418.898,2718.283,2.853,136260086.0,80.79
99525,2022-04-13,15467395.0,62586.0,161187.0,155.0,261095.693,1056.476,2720.9,2.616,136289304.0,80.8
99526,2022-04-14,15533012.0,65617.0,161336.0,149.0,262203.333,1107.641,2723.415,2.515,136325516.0,80.8
99527,2022-04-15,15595302.0,62290.0,161469.0,133.0,263254.813,1051.48,2725.66,2.245,136358042.0,80.81
99528,2022-04-16,15659835.0,64533.0,161602.0,133.0,264344.155,1089.342,2727.905,2.245,136377083.0,80.81
99529,2022-04-17,15712088.0,52253.0,161687.0,85.0,265226.207,882.051,2729.34,1.435,136377598.0,80.81
99530,2022-04-18,15730676.0,18588.0,161766.0,79.0,265539.979,313.773,2730.674,1.334,136379515.0,80.81
99531,2022-04-19,15758002.0,27326.0,161893.0,127.0,266001.253,461.274,2732.817,2.144,136422005.0,80.82
99532,2022-04-20,15858442.0,100440.0,162098.0,205.0,267696.719,1695.467,2736.278,3.46,136467796.0,80.82
99533,2022-04-21,15934437.0,75995.0,162264.0,166.0,268979.545,1282.825,2739.08,2.802,136513752.0,80.83
99534,2022-04-22,16008181.0,73744.0,162466.0,202.0,270224.372,1244.828,2742.49,3.41,136563050.0,80.83
99535,2022-04-23,16079209.0,71028.0,162609.0,143.0,271423.353,1198.98,2744.904,2.414,136601346.0,80.83
99536,2022-04-24,16136057.0,56848.0,162688.0,79.0,272382.97,959.617,2746.237,1.334,136608274.0,80.84
99537,2022-04-25,16161339.0,25282.0,162781.0,93.0,272809.74,426.77,2747.807,1.57,136611742.0,80.84
99538,2022-04-26,16191323.0,29984.0,162927.0,146.0,273315.881,506.142,2750.272,2.465,136662611.0,80.84
99539,2022-04-27,16279754.0,88431.0,163113.0,186.0,274808.631,1492.75,2753.411,3.14,136713097.0,80.84
99540,2022-04-28,16349788.0,70034.0,163244.0,131.0,275990.833,1182.201,2755.623,2.211,136760729.0,80.85
99541,2022-04-29,16409183.0,59395.0,163377.0,133.0,276993.443,1002.611,2757.868,2.245,136809577.0,80.85
99542,2022-04-30,16463200.0,54017.0,163507.0,130.0,277905.272,911.828,2760.062,2.194,136846582.0,80.85
99543,2022-05-01,16504791.0,41591.0,163612.0,105.0,278607.344,702.072,2761.835,1.772,136849031.0,80.85
99544,2022-05-02,16523859.0,19068.0,163736.0,124.0,278929.219,321.875,2763.928,2.093,136884674.0,80.86
99545,2022-05-03,16586268.0,62409.0,163889.0,153.0,279982.708,1053.488,2766.511,2.583,136928658.0,80.86
99546,2022-05-04,16633911.0,47643.0,164041.0,152.0,280786.94,804.233,2769.076,2.566,136974531.0,80.86
99547,2022-05-05,16682626.0,48715.0,164179.0,138.0,281609.269,822.328,2771.406,2.329,137020342.0,80.86
99548,2022-05-06,16726990.0,44364.0,164304.0,125.0,282358.15,748.882,2773.516,2.11,137064854.0,80.86
99549,2022-05-07,16767773.0,40783.0,164417.0,113.0,283046.583,688.433,2775.423,1.907,137095012.0,80.87
99550,2022-05-08,16798998.0,31225.0,164489.0,72.0,283573.674,527.09,2776.639,1.215,137100762.0,80.87
99551,2022-05-09,16816419.0,17421.0,164573.0,84.0,283867.747,294.073,2778.057,1.418,137136293.0,80.87
99552,2022-05-10,16872618.0,56199.0,164731.0,158.0,284816.408,948.661,2780.724,2.667,137179058.0,80.87
99553,2022-05-11,16915301.0,42683.0,164846.0,115.0,285536.914,720.506,2782.665,1.941,137226539.0,80.87
99554,2022-05-12,16954784.0,39483.0,164976.0,130.0,286203.402,666.489,2784.86,2.194,137272320.0,80.87
99555,2022-05-13,16993813.0,39029.0,165091.0,115.0,286862.227,658.825,2786.801,1.941,137315718.0,80.88
99556,2022-05-14,17030147.0,36334.0,165182.0,91.0,287475.559,613.332,2788.337,1.536,137346161.0,80.88
99557,2022-05-15,17057873.0,27726.0,165244.0,62.0,287943.585,468.026,2789.384,1.047,137351969.0,80.88
99558,2022-05-16,17071649.0,13776.0,165346.0,102.0,288176.129,232.544,2791.105,1.722,137383596.0,80.88
99559,2022-05-17,17116550.0,44901.0,165494.0,148.0,288934.076,757.946,2793.604,2.498,137420106.0,80.88
99560,2022-05-18,17147477.0,30927.0,165630.0,136.0,289456.136,522.06,2795.899,2.296,137463405.0,80.88
99561,2022-05-19,17178199.0,30722.0,165738.0,108.0,289974.735,518.599,2797.722,1.823,137504757.0,80.88
99562,2022-05-20,17205017.0,26818.0,165827.0,89.0,290427.433,452.698,2799.225,1.502,137542817.0,80.89
99563,2022-05-21,17229263.0,24246.0,165918.0,91.0,290836.715,409.282,2800.761,1.536,137569285.0,80.89
99564,2022-05-22,17247552.0,18289.0,165952.0,34.0,291145.441,308.725,2801.335,0.574,137574028.0,80.89
99565,2022-05-23,17257573.0,10021.0,166032.0,80.0,291314.599,169.158,2802.685,1.35,137602691.0,80.89
99566,2022-05-24,17288287.0,30714.0,166127.0,95.0,291833.064,518.464,2804.289,1.604,137637573.0,80.89
99567,2022-05-25,17312432.0,24145.0,166264.0,137.0,292240.641,407.577,2806.602,2.313,137675610.0,80.89
99568,2022-05-26,17333299.0,20867.0,166358.0,94.0,292592.884,352.243,2808.188,1.587,137713164.0,80.89
99569,2022-05-27,17355119.0,21820.0,166476.0,118.0,292961.214,368.33,2810.18,1.992,137747910.0,80.9
99570,2022-05-28,17373741.0,18622.0,166542.0,66.0,293275.561,314.347,2811.294,1.114,137771096.0,80.9
99571,2022-05-29,17388877.0,15136.0,166569.0,27.0,293531.062,255.502,2811.75,0.456,137775409.0,80.9
99572,2022-05-30,17396723.0,7846.0,166631.0,62.0,293663.506,132.444,2812.797,1.047,137800752.0,80.9
99573,2022-05-31,17421410.0,24687.0,166697.0,66.0,294080.232,416.726,2813.911,1.114,137830677.0,80.9
99574,2022-06-01,17440232.0,18822.0,166756.0,59.0,294397.955,317.723,2814.907,0.996,137854979.0,80.9
99575,2022-06-02,17457950.0,17718.0,166835.0,79.0,294697.042,299.087,2816.24,1.334,137856403.0,80.9
99576,2022-06-03,17467642.0,9692.0,166875.0,40.0,294860.646,163.605,2816.915,0.675,137875852.0,80.9
99577,2022-06-04,17490451.0,22809.0,166922.0,47.0,295245.671,385.025,2817.709,0.793,137887987.0,80.9
99578,2022-06-05,17505973.0,15522.0,166949.0,27.0,295507.689,262.017,2818.165,0.456,137889303.0,80.9
99579,2022-06-06,17514589.0,8616.0,167019.0,70.0,295653.13,145.441,2819.346,1.182,137907077.0,80.9
99580,2022-06-07,17543136.0,28547.0,167089.0,70.0,296135.015,481.885,2820.528,1.182,137929374.0,80.9
99581,2022-06-08,17566061.0,22925.0,167169.0,80.0,296521.998,386.983,2821.878,1.35,137953337.0,80.91
99582,2022-06-09,17589595.0,23534.0,167253.0,84.0,296919.261,397.263,2823.296,1.418,137977670.0,80.91
99583,2022-06-10,17611607.0,22012.0,167305.0,52.0,297290.832,371.571,2824.174,0.878,138000629.0,80.91
99584,2022-06-11,17634065.0,22458.0,167365.0,60.0,297669.932,379.1,2825.187,1.013,138015211.0,80.91
99585,2022-06-12,17653375.0,19310.0,167391.0,26.0,297995.892,325.96,2825.626,0.439,138016838.0,80.91
99586,2022-06-13,17664043.0,10668.0,167432.0,41.0,298175.972,180.08,2826.318,0.692,138031586.0,80.91
99587,2022-06-14,17703887.0,39844.0,167505.0,73.0,298848.555,672.582,2827.55,1.232,138052085.0,80.91
99588,2022-06-15,17736696.0,32809.0,167553.0,48.0,299402.383,553.829,2828.36,0.81,138073422.0,80.91
99589,2022-06-16,17773764.0,37068.0,167617.0,64.0,300028.106,625.722,2829.441,1.08,138093382.0,80.91
99590,2022-06-17,17809934.0,36170.0,167658.0,41.0,300638.67,610.564,2830.133,0.692,138112687.0,80.91
99591,2022-06-18,17844905.0,34971.0,167703.0,45.0,301228.994,590.324,2830.892,0.76,138126219.0,80.92
99592,2022-06-19,17879160.0,34255.0,167721.0,18.0,301807.232,578.238,2831.196,0.304,138127290.0,80.92
99593,2022-06-20,17896065.0,16905.0,167780.0,59.0,302092.595,285.363,2832.192,0.996,138142534.0,80.92
99594,2022-06-21,17959329.0,63264.0,167842.0,62.0,303160.516,1067.921,2833.239,1.047,138161897.0,80.92
99595,2022-06-22,18014202.0,54873.0,167892.0,50.0,304086.794,926.278,2834.083,0.844,138182355.0,80.92
99596,2022-06-23,18071634.0,57432.0,167967.0,75.0,305056.268,969.475,2835.349,1.266,138202613.0,80.92
99597,2022-06-24,18128044.0,56410.0,168018.0,51.0,306008.491,952.223,2836.21,0.861,138222913.0,80.92
99598,2022-06-25,18184917.0,56873.0,168058.0,40.0,306968.53,960.039,2836.885,0.675,138238785.0,80.92
99599,2022-06-26,18234242.0,49325.0,168102.0,44.0,307801.155,832.625,2837.628,0.743,138240027.0,80.92
99600,2022-06-27,18259261.0,25019.0,168165.0,63.0,308223.486,422.331,2838.691,1.063,138256875.0,80.92
99601,2022-06-28,18343422.0,84161.0,168234.0,69.0,309644.156,1420.671,2839.856,1.165,138277668.0,80.92
99602,2022-06-29,18438877.0,95455.0,168294.0,60.0,311255.474,1611.318,2840.869,1.013,138298883.0,80.92
99603,2022-06-30,18523111.0,84234.0,168353.0,59.0,312677.377,1421.903,2841.865,0.996,138322012.0,80.92
99604,2022-07-01,18610011.0,86900.0,168425.0,72.0,314144.283,1466.906,2843.08,1.215,138339743.0,80.92
99605,2022-07-02,18695954.0,85943.0,168488.0,63.0,315595.035,1450.752,2844.144,1.063,138351485.0,80.93
99606,2022-07-03,18768871.0,72917.0,168545.0,57.0,316825.902,1230.868,2845.106,0.962,138352586.0,80.93
99607,2022-07-04,18805756.0,36885.0,168604.0,59.0,317448.535,622.633,2846.102,0.996,138369183.0,80.93
99608,2022-07-05,18938771.0,133015.0,168698.0,94.0,319693.881,2245.345,2847.688,1.587,138391459.0,80.93
99609,2022-07-06,19048788.0,110017.0,168770.0,72.0,321551.011,1857.13,2848.904,1.215,138415077.0,80.93
99610,2022-07-07,19157174.0,108386.0,168864.0,94.0,323380.609,1829.598,2850.491,1.587,138441252.0,80.93
99611,2022-07-08,19259037.0,101863.0,168969.0,105.0,325100.097,1719.487,2852.263,1.772,138468311.0,80.93
99612,2022-07-09,19357938.0,98901.0,169062.0,93.0,326769.584,1669.488,2853.833,1.57,138486756.0,80.93
99613,2022-07-10,19439501.0,81563.0,169106.0,44.0,328146.4,1376.815,2854.576,0.743,138488490.0,80.93
99614,2022-07-11,19523262.0,83761.0,169233.0,127.0,329560.318,1413.919,2856.719,2.144,138514488.0,80.93
99615,2022-07-12,19667320.0,144058.0,169390.0,157.0,331992.074,2431.756,2859.37,2.65,138551348.0,80.93
99616,2022-07-13,19778911.0,111591.0,169496.0,106.0,333875.773,1883.7,2861.159,1.789,138600985.0,80.93
99617,2022-07-14,19887543.0,108632.0,169601.0,105.0,335709.524,1833.751,2862.931,1.772,138661281.0,80.93
99618,2022-07-15,19985479.0,97936.0,169735.0,134.0,337362.722,1653.198,2865.193,2.262,138731482.0,80.93
99619,2022-07-16,20076863.0,91384.0,169846.0,111.0,338905.32,1542.598,2867.067,1.874,138775655.0,80.93
99620,2022-07-17,20145859.0,68996.0,169925.0,79.0,340070.0,1164.68,2868.401,1.334,138781406.0,80.93
99621,2022-07-18,20177910.0,32051.0,170037.0,112.0,340611.033,541.033,2870.291,1.891,138849591.0,80.94
99622,2022-07-19,20299013.0,121103.0,170213.0,176.0,342655.299,2044.266,2873.262,2.971,138928169.0,80.94
99623,2022-07-20,20385814.0,86801.0,170370.0,157.0,344120.534,1465.235,2875.912,2.65,139010996.0,80.94
99624,2022-07-21,20467349.0,81535.0,170527.0,157.0,345496.877,1376.343,2878.563,2.65,139098243.0,80.94
99625,2022-07-22,20539016.0,71667.0,170682.0,155.0,346706.644,1209.767,2881.179,2.616,139179134.0,80.94
99626,2022-07-23,20608190.0,69174.0,170798.0,116.0,347874.328,1167.684,2883.137,1.958,139228047.0,80.94
99627,2022-07-24,20660065.0,51875.0,170875.0,77.0,348749.999,875.67,2884.437,1.3,139235311.0,80.94
99628,2022-07-25,20684182.0,24117.0,170979.0,104.0,349157.103,407.104,2886.193,1.756,139299362.0,80.94
99629,2022-07-26,20772833.0,88651.0,171232.0,253.0,350653.567,1496.464,2890.463,4.271,139368750.0,80.94
99630,2022-07-27,20837233.0,64400.0,171439.0,207.0,351740.664,1087.097,2893.958,3.494,139443407.0,80.94
99631,2022-07-28,20898059.0,60826.0,171638.0,199.0,352767.431,1026.767,2897.317,3.359,139522750.0,80.94
99632,2022-07-29,20952476.0,54417.0,171882.0,244.0,353686.011,918.58,2901.436,4.119,139591977.0,80.94
99633,2022-07-30,21002773.0,50297.0,172003.0,121.0,354535.044,849.033,2903.478,2.043,139635185.0,80.94
99634,2022-07-31,21040025.0,37252.0,172086.0,83.0,355163.872,628.828,2904.879,1.401,139641487.0,80.94
99635,2022-08-01,21059545.0,19520.0,172207.0,121.0,355493.378,329.505,2906.922,2.043,139690357.0,80.94
99636,2022-08-02,21124644.0,65099.0,172397.0,190.0,356592.274,1098.897,2910.129,3.207,139744888.0,80.95
99637,2022-08-03,21170600.0,45956.0,172568.0,171.0,357368.03,775.755,2913.016,2.887,139798222.0,80.95
99638,2022-08-04,21213559.0,42959.0,172729.0,161.0,358093.194,725.165,2915.733,2.718,139853875.0,80.95
99639,2022-08-05,21251774.0,38215.0,172904.0,175.0,358738.278,645.084,2918.687,2.954,139901703.0,80.95
99640,2022-08-06,21286771.0,34997.0,173062.0,158.0,359329.042,590.763,2921.354,2.667,139926513.0,80.95
99641,2022-08-07,21313427.0,26656.0,173136.0,74.0,359779.005,449.964,2922.604,1.249,139930877.0,80.95
99642,2022-08-08,21325402.0,11975.0,173249.0,113.0,359981.148,202.143,2924.511,1.907,139962637.0,80.95
99643,2022-08-09,21368480.0,43078.0,173426.0,177.0,360708.322,727.174,2927.499,2.988,139998845.0,80.95
99644,2022-08-10,21400179.0,31699.0,173571.0,145.0,361243.413,535.092,2929.947,2.448,140032476.0,80.95
99645,2022-08-11,21428602.0,28423.0,173701.0,130.0,361723.204,479.791,2932.141,2.194,140064824.0,80.95
99646,2022-08-12,21455291.0,26689.0,173853.0,152.0,362173.725,450.521,2934.707,2.566,140089185.0,80.95
99647,2022-08-13,21480076.0,24785.0,173982.0,129.0,362592.106,418.381,2936.884,2.178,140098430.0,80.95
99648,2022-08-14,21499531.0,19455.0,174060.0,78.0,362920.514,328.408,2938.201,1.317,140099237.0,80.95
99649,2022-08-15,21509424.0,9893.0,174102.0,42.0,363087.511,166.998,2938.91,0.709,140099433.0,80.95
99650,2022-08-16,21518365.0,8941.0,174172.0,70.0,363238.439,150.928,2940.092,1.182,140117100.0,80.95
99651,2022-08-17,21554626.0,36261.0,174300.0,128.0,363850.539,612.1,2942.252,2.161,140138009.0,80.95
99652,2022-08-18,21581917.0,27291.0,174447.0,147.0,364311.222,460.683,2944.734,2.481,140163288.0,80.95
99653,2022-08-19,21606606.0,24689.0,174571.0,124.0,364727.982,416.76,2946.827,2.093,140183044.0,80.95
99654,2022-08-20,21630998.0,24392.0,174659.0,88.0,365139.728,411.747,2948.312,1.485,140192319.0,80.95
99655,2022-08-21,21650468.0,19470.0,174722.0,63.0,365468.39,328.661,2949.376,1.063,140193228.0,80.95
99656,2022-08-22,21660885.0,10417.0,174797.0,75.0,365644.233,175.843,2950.642,1.266,140209552.0,80.95
99657,2022-08-23,21696242.0,35357.0,174931.0,134.0,366241.073,596.84,2952.904,2.262,140230467.0,80.95
99658,2022-08-24,21721630.0,25388.0,175043.0,112.0,366669.632,428.559,2954.794,1.891,140250089.0,80.96
99659,2022-08-25,21745065.0,23435.0,175127.0,84.0,367065.224,395.592,2956.212,1.418,140272389.0,80.96
99660,2022-08-26,21767060.0,21995.0,175226.0,99.0,367436.508,371.284,2957.884,1.671,140292753.0,80.96
99661,2022-08-27,21788862.0,21802.0,175306.0,80.0,367804.535,368.026,2959.234,1.35,140302431.0,80.96
99662,2022-08-28,21806509.0,17647.0,175347.0,41.0,368102.423,297.888,2959.926,0.692,140303623.0,80.96
99663,2022-08-29,21814856.0,8347.0,175407.0,60.0,368243.323,140.901,2960.939,1.013,140321654.0,80.96
99664,2022-08-30,21845943.0,31087.0,175505.0,98.0,368768.084,524.761,2962.593,1.654,140343396.0,80.96
99665,2022-08-31,21867757.0,21814.0,175595.0,90.0,369136.313,368.229,2964.112,1.519,140364810.0,80.96
99666,2022-09-01,21888255.0,20498.0,175663.0,68.0,369482.327,346.014,2965.26,1.148,140384315.0,80.96
99667,2022-09-02,21907413.0,19158.0,175754.0,91.0,369805.722,323.395,2966.796,1.536,140400651.0,80.96
99668,2022-09-03,21925073.0,17660.0,175802.0,48.0,370103.83,298.108,2967.607,0.81,140409251.0,80.96
99669,2022-09-04,21938269.0,13196.0,175832.0,30.0,370326.583,222.754,2968.113,0.506,140409905.0,80.96
99670,2022-09-05,21944877.0,6608.0,175872.0,40.0,370438.129,111.546,2968.788,0.675,140424373.0,80.96
99671,2022-09-06,21969725.0,24848.0,175952.0,80.0,370857.573,419.444,2970.139,1.35,140440637.0,80.96
99672,2022-09-07,21987295.0,17570.0,176009.0,57.0,371154.161,296.588,2971.101,0.962,140456803.0,80.96
99673,2022-09-08,22004612.0,17317.0,176098.0,89.0,371446.479,292.318,2972.603,1.502,140472894.0,80.96
99674,2022-09-09,22020154.0,15542.0,176157.0,59.0,371708.834,262.355,2973.599,0.996,140487343.0,80.96
99675,2022-09-10,22035291.0,15137.0,176204.0,47.0,371964.353,255.518,2974.393,0.793,140493736.0,80.96
99676,2022-09-11,22047192.0,11901.0,176238.0,34.0,372165.246,200.894,2974.967,0.574,140494188.0,80.96
99677,2022-09-12,22054443.0,7251.0,176242.0,4.0,372287.646,122.4,2975.034,0.068,140505339.0,80.96
99678,2022-09-13,22077601.0,23158.0,176335.0,93.0,372678.562,390.916,2976.604,1.57,140519402.0,80.96
99679,2022-09-14,22096450.0,18849.0,176404.0,69.0,372996.741,318.179,2977.769,1.165,140535540.0,80.96
99680,2022-09-15,22114423.0,17973.0,176464.0,60.0,373300.132,303.391,2978.782,1.013,140553037.0,80.97
99681,2022-09-16,22131785.0,17362.0,176508.0,44.0,373593.209,293.077,2979.524,0.743,140570278.0,80.97
99682,2022-09-17,22148935.0,17150.0,176546.0,38.0,373882.708,289.499,2980.166,0.641,140578763.0,80.97
99683,2022-09-18,22161016.0,12081.0,176578.0,32.0,374086.64,203.932,2980.706,0.54,140579814.0,80.97
99684,2022-09-19,22169273.0,8257.0,176609.0,31.0,374226.021,139.381,2981.229,0.523,140593734.0,80.97
99685,2022-09-20,22197658.0,28385.0,176669.0,60.0,374705.171,479.15,2982.242,1.013,140611080.0,80.97
99686,2022-09-21,22218846.0,21188.0,176715.0,46.0,375062.833,357.662,2983.018,0.776,140629179.0,80.97
99687,2022-09-22,22241369.0,22523.0,176775.0,60.0,375443.03,380.197,2984.031,1.013,140648979.0,80.97
99688,2022-09-23,22262452.0,21083.0,176824.0,49.0,375798.919,355.889,2984.858,0.827,140666456.0,80.97
99689,2022-09-24,22284812.0,22360.0,176867.0,43.0,376176.365,377.446,2985.584,0.726,140676914.0,80.97
99690,2022-09-25,22303606.0,18794.0,176880.0,13.0,376493.615,317.25,2985.804,0.219,140678053.0,80.97
99691,2022-09-26,22313612.0,10006.0,176912.0,32.0,376662.52,168.905,2986.344,0.54,140695914.0,80.97
99692,2022-09-27,22358487.0,44875.0,176976.0,64.0,377420.028,757.508,2987.424,1.08,140717998.0,80.97
99693,2022-09-28,22395282.0,36795.0,177024.0,48.0,378041.142,621.114,2988.235,0.81,140742533.0,80.97
99694,2022-09-29,22432803.0,37521.0,177054.0,30.0,378674.511,633.369,2988.741,0.506,140768054.0,80.97
99695,2022-09-30,22467278.0,34475.0,177092.0,38.0,379256.463,581.952,2989.382,0.641,140791917.0,80.97
99696,2022-10-01,22500346.0,33068.0,177130.0,38.0,379814.663,558.201,2990.024,0.641,140803897.0,80.97
99697,2022-10-02,22529252.0,28906.0,177150.0,20.0,380302.608,487.945,2990.361,0.338,140805666.0,80.97
99698,2022-10-03,22542568.0,13316.0,177197.0,47.0,380527.387,224.779,2991.155,0.793,140826548.0,80.97
99699,2022-10-04,22602840.0,60272.0,177257.0,60.0,381544.802,1017.415,2992.168,1.013,140853795.0,80.97
99700,2022-10-05,22648063.0,45223.0,177300.0,43.0,382308.184,763.382,2992.894,0.726,140886035.0,80.97
99701,2022-10-06,22692912.0,44849.0,177356.0,56.0,383065.253,757.069,2993.839,0.945,140923913.0,80.97
