,total_cases,total_vaccinations,date,new_vaccinations_smoothed_per_million,new_cases_per_million,new_cases,total_deaths,new_deaths_per_million,new_deaths
98722,2.0,,2020-01-31,,0.034,2.0,,,
98723,2.0,,2020-02-01,,0.0,0.0,,,
98724,2.0,,2020-02-02,,0.0,0.0,,,
98725,2.0,,2020-02-03,,0.0,0.0,,,
98726,2.0,,2020-02-04,,0.0,0.0,,,
98727,2.0,,2020-02-05,,0.0,0.0,,,
98728,2.0,,2020-02-06,,0.0,0.0,,,
98729,3.0,,2020-02-07,,0.017,1.0,,,
98730,3.0,,2020-02-08,,0.0,0.0,,,
98731,3.0,,2020-02-09,,0.0,0.0,,,
98732,3.0,,2020-02-10,,0.0,0.0,,,
98733,3.0,,2020-02-11,,0.0,0.0,,,
98734,3.0,,2020-02-12,,0.0,0.0,,,
98735,3.0,,2020-02-13,,0.0,0.0,,,
98736,3.0,,2020-02-14,,0.0,0.0,,,
98737,3.0,,2020-02-15,,0.0,0.0,,,
98738,3.0,,2020-02-16,,0.0,0.0,,,
98739,3.0,,2020-02-17,,0.0,0.0,,,
98740,3.0,,2020-02-18,,0.0,0.0,,,
98741,3.0,,2020-02-19,,0.0,0.0,,,
98742,3.0,,2020-02-20,,0.0,0.0,,,
98743,20.0,,2020-02-21,,0.287,17.0,1.0,0.017,1.0
98744,62.0,,2020-02-22,,0.709,42.0,2.0,0.017,1.0
98745,155.0,,2020-02-23,,1.57,93.0,3.0,0.017,1.0
98746,229.0,,2020-02-24,,1.249,74.0,7.0,0.068,4.0
98747,322.0,,2020-02-25,,1.57,93.0,10.0,0.051,3.0
98748,453.0,,2020-02-26,,2.211,131.0,12.0,0.034,2.0
98749,655.0,,2020-02-27,,3.41,202.0,17.0,0.084,5.0
98750,888.0,,2020-02-28,,3.933,233.0,21.0,0.068,4.0
98751,1128.0,,2020-02-29,,4.051,240.0,29.0,0.135,8.0
98752,1694.0,,2020-03-01,,9.554,566.0,34.0,0.084,5.0
98753,2036.0,,2020-03-02,,5.773,342.0,52.0,0.304,18.0
98754,2502.0,,2020-03-03,,7.866,466.0,79.0,0.456,27.0
98755,3089.0,,2020-03-04,,9.909,587.0,107.0,0.473,28.0
98756,3858.0,,2020-03-05,,12.981,769.0,148.0,0.692,41.0
98757,4636.0,,2020-03-06,,13.133,778.0,197.0,0.827,49.0
98758,5883.0,,2020-03-07,,21.05,1247.0,233.0,0.608,36.0
98759,7375.0,,2020-03-08,,25.186,1492.0,366.0,2.245,133.0
98760,9172.0,,2020-03-09,,30.334,1797.0,463.0,1.637,97.0
98761,10149.0,,2020-03-10,,16.492,977.0,631.0,2.836,168.0
98762,12462.0,,2020-03-11,,39.044,2313.0,827.0,3.309,196.0
98763,15113.0,,2020-03-12,,44.75,2651.0,1016.0,3.19,189.0
98764,17660.0,,2020-03-13,,42.994,2547.0,1266.0,4.22,250.0
98765,21157.0,,2020-03-14,,59.031,3497.0,1441.0,2.954,175.0
98766,24747.0,,2020-03-15,,60.601,3590.0,1809.0,6.212,368.0
98767,27980.0,,2020-03-16,,54.574,3233.0,2158.0,5.891,349.0
98768,31506.0,,2020-03-17,,59.52,3526.0,2503.0,5.824,345.0
98769,35713.0,,2020-03-18,,71.016,4207.0,2978.0,8.018,475.0
98770,41035.0,,2020-03-19,,89.837,5322.0,3405.0,7.208,427.0
98771,47021.0,,2020-03-20,,101.046,5986.0,4032.0,10.584,627.0
98772,53578.0,,2020-03-21,,110.685,6557.0,4825.0,13.386,793.0
98773,59138.0,,2020-03-22,,93.855,5560.0,5476.0,10.989,651.0
98774,63927.0,,2020-03-23,,80.84,4789.0,6077.0,10.145,601.0
98775,69176.0,,2020-03-24,,88.605,5249.0,6820.0,12.542,743.0
98776,74386.0,,2020-03-25,,87.947,5210.0,7503.0,11.529,683.0
98777,80589.0,,2020-03-26,,104.709,6203.0,8215.0,12.019,712.0
98778,86498.0,,2020-03-27,,99.746,5909.0,9134.0,15.513,919.0
98779,92472.0,,2020-03-28,,100.843,5974.0,10023.0,15.007,889.0
98780,97689.0,,2020-03-29,,88.065,5217.0,10779.0,12.762,756.0
98781,101739.0,,2020-03-30,,68.366,4050.0,11591.0,13.707,812.0
98782,105792.0,,2020-03-31,,68.416,4053.0,12428.0,14.129,837.0
98783,110574.0,,2020-04-01,,80.722,4782.0,13155.0,12.272,727.0
98784,115242.0,,2020-04-02,,78.798,4668.0,13915.0,12.829,760.0
98785,119827.0,,2020-04-03,,77.397,4585.0,14681.0,12.93,766.0
98786,124632.0,,2020-04-04,,81.11,4805.0,15362.0,11.496,681.0
98787,128948.0,,2020-04-05,,72.856,4316.0,15887.0,8.862,525.0
98788,132547.0,,2020-04-06,,60.753,3599.0,16523.0,10.736,636.0
98789,135586.0,,2020-04-07,,51.3,3039.0,17127.0,10.196,604.0
98790,139422.0,,2020-04-08,,64.753,3836.0,17669.0,9.149,542.0
98791,143626.0,,2020-04-09,,70.965,4204.0,18279.0,10.297,610.0
98792,147577.0,,2020-04-10,,66.694,3951.0,18849.0,9.622,570.0
98793,152271.0,,2020-04-11,,79.237,4694.0,19468.0,10.449,619.0
98794,156363.0,,2020-04-12,,69.075,4092.0,19899.0,7.275,431.0
98795,159516.0,,2020-04-13,,53.224,3153.0,20465.0,9.554,566.0
98796,162488.0,,2020-04-14,,50.169,2972.0,21067.0,10.162,602.0
98797,165155.0,,2020-04-15,,45.02,2667.0,21645.0,9.757,578.0
98798,168941.0,,2020-04-16,,63.909,3786.0,22170.0,8.862,525.0
98799,172434.0,,2020-04-17,,58.963,3493.0,22745.0,9.706,575.0
98800,175925.0,,2020-04-18,,58.929,3491.0,23227.0,8.136,482.0
98801,178972.0,,2020-04-19,,51.435,3047.0,23660.0,7.309,433.0
98802,181228.0,,2020-04-20,,38.082,2256.0,24114.0,7.664,454.0
98803,183957.0,,2020-04-21,,46.067,2729.0,24648.0,9.014,534.0
98804,187327.0,,2020-04-22,,56.887,3370.0,25085.0,7.377,437.0
98805,189973.0,,2020-04-23,,44.666,2646.0,25549.0,7.833,464.0
98806,192994.0,,2020-04-24,,50.996,3021.0,25969.0,7.09,420.0
98807,195351.0,,2020-04-25,,39.787,2357.0,26384.0,7.005,415.0
98808,197675.0,,2020-04-26,,39.23,2324.0,26644.0,4.389,260.0
98809,199414.0,,2020-04-27,,29.355,1739.0,26977.0,5.621,333.0
98810,201505.0,,2020-04-28,,35.297,2091.0,27359.0,6.448,382.0
98811,203591.0,,2020-04-29,,35.212,2086.0,27682.0,5.452,323.0
98812,205463.0,,2020-04-30,,31.6,1872.0,27967.0,4.811,285.0
98813,207428.0,,2020-05-01,,33.17,1965.0,28236.0,4.541,269.0
98814,209328.0,,2020-05-02,,32.073,1900.0,28710.0,8.001,474.0
98815,210717.0,,2020-05-03,,23.447,1389.0,28884.0,2.937,174.0
98816,211938.0,,2020-05-04,,20.611,1221.0,29079.0,3.292,195.0
98817,213013.0,,2020-05-05,,18.146,1075.0,29315.0,3.984,236.0
98818,214457.0,,2020-05-06,,24.375,1444.0,29684.0,6.229,369.0
98819,215858.0,,2020-05-07,,23.649,1401.0,29958.0,4.625,274.0
98820,217185.0,,2020-05-08,,22.4,1327.0,30201.0,4.102,243.0
98821,218268.0,,2020-05-09,,18.281,1083.0,30395.0,3.275,194.0
98822,219070.0,,2020-05-10,,13.538,802.0,30560.0,2.785,165.0
98823,219814.0,,2020-05-11,,12.559,744.0,30739.0,3.022,179.0
98824,221216.0,,2020-05-12,,23.666,1402.0,30911.0,2.903,172.0
98825,222104.0,,2020-05-13,,14.99,888.0,31106.0,3.292,195.0
98826,223096.0,,2020-05-14,,16.745,992.0,31368.0,4.423,262.0
98827,223885.0,,2020-05-15,,13.319,789.0,31610.0,4.085,242.0
98828,224760.0,,2020-05-16,,14.77,875.0,31763.0,2.583,153.0
98829,225435.0,,2020-05-17,,11.394,675.0,31908.0,2.448,145.0
98830,225886.0,,2020-05-18,,7.613,451.0,32007.0,1.671,99.0
98831,226699.0,,2020-05-19,,13.724,813.0,32169.0,2.735,162.0
98832,227364.0,,2020-05-20,,11.225,665.0,32330.0,2.718,161.0
98833,228006.0,,2020-05-21,,10.837,642.0,32486.0,2.633,156.0
98834,228658.0,,2020-05-22,,11.006,652.0,32616.0,2.194,130.0
98835,229327.0,,2020-05-23,,11.293,669.0,32735.0,2.009,119.0
98836,229858.0,,2020-05-24,,8.963,531.0,32785.0,0.844,50.0
98837,230158.0,,2020-05-25,,5.064,300.0,32877.0,1.553,92.0
98838,230555.0,,2020-05-26,,6.702,397.0,32955.0,1.317,78.0
98839,231139.0,,2020-05-27,,9.858,584.0,33072.0,1.975,117.0
98840,231732.0,,2020-05-28,,10.01,593.0,33142.0,1.182,70.0
98841,232248.0,,2020-05-29,,8.71,516.0,33229.0,1.469,87.0
98842,232664.0,,2020-05-30,,7.022,416.0,33340.0,1.874,111.0
98843,232997.0,,2020-05-31,,5.621,333.0,33415.0,1.266,75.0
98844,233197.0,,2020-06-01,,3.376,200.0,33475.0,1.013,60.0
98845,233515.0,,2020-06-02,,5.368,318.0,33530.0,0.928,55.0
98846,233836.0,,2020-06-03,,5.419,321.0,33601.0,1.199,71.0
98847,234013.0,,2020-06-04,,2.988,177.0,33689.0,1.485,88.0
98848,234531.0,,2020-06-05,,8.744,518.0,33774.0,1.435,85.0
98849,234801.0,,2020-06-06,,4.558,270.0,33846.0,1.215,72.0
98850,234998.0,,2020-06-07,,3.325,197.0,33899.0,0.895,53.0
98851,235278.0,,2020-06-08,,4.727,280.0,33964.0,1.097,65.0
98852,235561.0,,2020-06-09,,4.777,283.0,34043.0,1.334,79.0
98853,235763.0,,2020-06-10,,3.41,202.0,34114.0,1.199,71.0
98854,236142.0,,2020-06-11,,6.398,379.0,34167.0,0.895,53.0
98855,236305.0,,2020-06-12,,2.752,163.0,34223.0,0.945,56.0
98856,236651.0,,2020-06-13,,5.841,346.0,34301.0,1.317,78.0
98857,236989.0,,2020-06-14,,5.706,338.0,34345.0,0.743,44.0
98858,237290.0,,2020-06-15,,5.081,301.0,34371.0,0.439,26.0
98859,237500.0,,2020-06-16,,3.545,210.0,34405.0,0.574,34.0
98860,237828.0,,2020-06-17,,5.537,328.0,34448.0,0.726,43.0
98861,238159.0,,2020-06-18,,5.587,331.0,34514.0,1.114,66.0
98862,238011.0,,2020-06-19,,,,34561.0,0.793,47.0
98863,238275.0,,2020-06-20,,4.456,264.0,34610.0,0.827,49.0
98864,238499.0,,2020-06-21,,3.781,224.0,34634.0,0.405,24.0
98865,238720.0,,2020-06-22,,3.731,221.0,34657.0,0.388,23.0
98866,238833.0,,2020-06-23,,1.907,113.0,34675.0,0.304,18.0
98867,239410.0,,2020-06-24,,9.74,577.0,34644.0,,
98868,239706.0,,2020-06-25,,4.997,296.0,34678.0,0.574,34.0
98869,239961.0,,2020-06-26,,4.304,255.0,34708.0,0.506,30.0
98870,240136.0,,2020-06-27,,2.954,175.0,34716.0,0.135,8.0
98871,240310.0,,2020-06-28,,2.937,174.0,34738.0,0.371,22.0
98872,240436.0,,2020-06-29,,2.127,126.0,34744.0,0.101,6.0
98873,240578.0,,2020-06-30,,2.397,142.0,34767.0,0.388,23.0
98874,240760.0,,2020-07-01,,3.072,182.0,34788.0,0.354,21.0
98875,240961.0,,2020-07-02,,3.393,201.0,34818.0,0.506,30.0
98876,241184.0,,2020-07-03,,3.764,223.0,34833.0,0.253,15.0
98877,241419.0,,2020-07-04,,3.967,235.0,34854.0,0.354,21.0
98878,241611.0,,2020-07-05,,3.241,192.0,34861.0,0.118,7.0
98879,241819.0,,2020-07-06,,3.511,208.0,34869.0,0.135,8.0
98880,241956.0,,2020-07-07,,2.313,137.0,34899.0,0.506,30.0
98881,242149.0,,2020-07-08,,3.258,193.0,34914.0,0.253,15.0
98882,242363.0,,2020-07-09,,3.612,214.0,34926.0,0.203,12.0
98883,242639.0,,2020-07-10,,4.659,276.0,34938.0,0.203,12.0
98884,242827.0,,2020-07-11,,3.174,188.0,34945.0,0.118,7.0
98885,243061.0,,2020-07-12,,3.95,234.0,34954.0,0.152,9.0
98886,243230.0,,2020-07-13,,2.853,169.0,34967.0,0.219,13.0
98887,243344.0,,2020-07-14,,1.924,114.0,34984.0,0.287,17.0
98888,243506.0,,2020-07-15,,2.735,162.0,34997.0,0.219,13.0
98889,243736.0,,2020-07-16,,3.882,230.0,35017.0,0.338,20.0
98890,243967.0,,2020-07-17,,3.899,231.0,35028.0,0.186,11.0
98891,244216.0,,2020-07-18,,4.203,249.0,35042.0,0.236,14.0
98892,244434.0,,2020-07-19,,3.68,218.0,35045.0,0.051,3.0
98893,244624.0,,2020-07-20,,3.207,190.0,35058.0,0.219,13.0
98894,244752.0,,2020-07-21,,2.161,128.0,35073.0,0.253,15.0
98895,245032.0,,2020-07-22,,4.727,280.0,35082.0,0.152,9.0
98896,245338.0,,2020-07-23,,5.165,306.0,35092.0,0.169,10.0
98897,245590.0,,2020-07-24,,4.254,252.0,35097.0,0.084,5.0
98898,245864.0,,2020-07-25,,4.625,274.0,35102.0,0.084,5.0
98899,246118.0,,2020-07-26,,4.288,254.0,35107.0,0.084,5.0
98900,246286.0,,2020-07-27,,2.836,168.0,35112.0,0.084,5.0
98901,246488.0,,2020-07-28,,3.41,202.0,35123.0,0.186,11.0
98902,246776.0,,2020-07-29,,4.862,288.0,35129.0,0.101,6.0
98903,247158.0,,2020-07-30,,6.448,382.0,35132.0,0.051,3.0
98904,247537.0,,2020-07-31,,6.398,379.0,35141.0,0.152,9.0
98905,247832.0,,2020-08-01,,4.98,295.0,35146.0,0.084,5.0
98906,248070.0,,2020-08-02,,4.018,238.0,35154.0,0.135,8.0
98907,248229.0,,2020-08-03,,2.684,159.0,35166.0,0.203,12.0
98908,248419.0,,2020-08-04,,3.207,190.0,35171.0,0.084,5.0
98909,248803.0,,2020-08-05,,6.482,384.0,35181.0,0.169,10.0
98910,249204.0,,2020-08-06,,6.769,401.0,35187.0,0.101,6.0
98911,249756.0,,2020-08-07,,9.318,552.0,35190.0,0.051,3.0
98912,250103.0,,2020-08-08,,5.857,347.0,35203.0,0.219,13.0
98913,250566.0,,2020-08-09,,7.816,463.0,35205.0,0.034,2.0
98914,250825.0,,2020-08-10,,4.372,259.0,35209.0,0.068,4.0
98915,251237.0,,2020-08-11,,6.955,412.0,35215.0,0.101,6.0
98916,251713.0,,2020-08-12,,8.035,476.0,35225.0,0.169,10.0
98917,252235.0,,2020-08-13,,8.812,522.0,35231.0,0.101,6.0
98918,252809.0,,2020-08-14,,9.689,574.0,35234.0,0.051,3.0
98919,253438.0,,2020-08-15,,10.618,629.0,35392.0,2.667,158.0
98920,253915.0,,2020-08-16,,8.052,477.0,35396.0,0.068,4.0
98921,254235.0,,2020-08-17,,5.402,320.0,35400.0,0.068,4.0
98922,254636.0,,2020-08-18,,6.769,401.0,35405.0,0.084,5.0
98923,255278.0,,2020-08-19,,10.837,642.0,35412.0,0.118,7.0
98924,256118.0,,2020-08-20,,14.18,840.0,35418.0,0.101,6.0
98925,257065.0,,2020-08-21,,15.986,947.0,35427.0,0.152,9.0
98926,258136.0,,2020-08-22,,18.079,1071.0,35430.0,0.051,3.0
98927,259345.0,,2020-08-23,,20.408,1209.0,35437.0,0.118,7.0
98928,260298.0,,2020-08-24,,16.087,953.0,35441.0,0.068,4.0
98929,261174.0,,2020-08-25,,14.787,876.0,35445.0,0.068,4.0
98930,262540.0,,2020-08-26,,23.059,1366.0,35458.0,0.219,13.0
98931,263949.0,,2020-08-27,,23.784,1409.0,35463.0,0.084,5.0
98932,265409.0,,2020-08-28,,24.645,1460.0,35472.0,0.152,9.0
98933,266853.0,,2020-08-29,,24.375,1444.0,35473.0,0.017,1.0
98934,268218.0,,2020-08-30,,23.042,1365.0,35477.0,0.068,4.0
98935,269214.0,,2020-08-31,,16.813,996.0,35483.0,0.101,6.0
98936,270189.0,,2020-09-01,,16.458,975.0,35491.0,0.135,8.0
98937,271515.0,,2020-09-02,,22.383,1326.0,35497.0,0.101,6.0
98938,272912.0,,2020-09-03,,23.582,1397.0,35507.0,0.169,10.0
98939,274644.0,,2020-09-04,,29.237,1732.0,35518.0,0.186,11.0
98940,276338.0,,2020-09-05,,28.595,1694.0,35534.0,0.27,16.0
98941,277634.0,,2020-09-06,,21.877,1296.0,35541.0,0.118,7.0
98942,278784.0,,2020-09-07,,19.412,1150.0,35553.0,0.203,12.0
98943,280153.0,,2020-09-08,,23.109,1369.0,35563.0,0.169,10.0
98944,281583.0,,2020-09-09,,24.139,1430.0,35577.0,0.236,14.0
98945,283180.0,,2020-09-10,,26.958,1597.0,35587.0,0.169,10.0
98946,284796.0,,2020-09-11,,27.279,1616.0,35597.0,0.169,10.0
98947,286297.0,,2020-09-12,,25.337,1501.0,35603.0,0.101,6.0
98948,287753.0,,2020-09-13,,24.578,1456.0,35610.0,0.118,7.0
98949,288761.0,,2020-09-14,,17.015,1008.0,35624.0,0.236,14.0
98950,289990.0,,2020-09-15,,20.746,1229.0,35633.0,0.152,9.0
98951,291442.0,,2020-09-16,,24.51,1452.0,35645.0,0.203,12.0
98952,293025.0,,2020-09-17,,26.722,1583.0,35658.0,0.219,13.0
98953,294932.0,,2020-09-18,,32.191,1907.0,35668.0,0.169,10.0
98954,296569.0,,2020-09-19,,27.633,1637.0,35692.0,0.405,24.0
98955,298156.0,,2020-09-20,,26.789,1587.0,35707.0,0.253,15.0
98956,299506.0,,2020-09-21,,22.789,1350.0,35724.0,0.287,17.0
98957,300897.0,,2020-09-22,,23.481,1391.0,35738.0,0.236,14.0
98958,302537.0,,2020-09-23,,27.684,1640.0,35758.0,0.338,20.0
98959,304323.0,,2020-09-24,,30.148,1786.0,35781.0,0.388,23.0
98960,306235.0,,2020-09-25,,32.275,1912.0,35801.0,0.338,20.0
98961,308104.0,,2020-09-26,,31.549,1869.0,35818.0,0.287,17.0
98962,309870.0,,2020-09-27,,29.811,1766.0,35835.0,0.287,17.0
98963,311364.0,,2020-09-28,,25.219,1494.0,35851.0,0.27,16.0
98964,313011.0,,2020-09-29,,27.802,1647.0,35875.0,0.405,24.0
98965,314861.0,,2020-09-30,,31.229,1850.0,35894.0,0.321,19.0
98966,317409.0,,2020-10-01,,43.011,2548.0,35918.0,0.405,24.0
98967,319908.0,,2020-10-02,,42.184,2499.0,35941.0,0.388,23.0
98968,322751.0,,2020-10-03,,47.991,2843.0,35968.0,0.456,27.0
98969,325329.0,,2020-10-04,,43.518,2578.0,35986.0,0.304,18.0
98970,327586.0,,2020-10-05,,38.099,2257.0,36002.0,0.27,16.0
98971,330263.0,,2020-10-06,,45.189,2677.0,36030.0,0.473,28.0
98972,333940.0,,2020-10-07,,62.069,3677.0,36061.0,0.523,31.0
98973,338398.0,,2020-10-08,,75.253,4458.0,36083.0,0.371,22.0
98974,343770.0,,2020-10-09,,90.681,5372.0,36111.0,0.473,28.0
98975,349494.0,,2020-10-10,,96.623,5724.0,36140.0,0.49,29.0
98976,354950.0,,2020-10-11,,92.099,5456.0,36166.0,0.439,26.0
98977,359569.0,,2020-10-12,,77.971,4619.0,36205.0,0.658,39.0
98978,365467.0,,2020-10-13,,99.561,5898.0,36246.0,0.692,41.0
98979,372799.0,,2020-10-14,,123.767,7332.0,36289.0,0.726,43.0
98980,381602.0,,2020-10-15,,148.598,8803.0,36372.0,1.401,83.0
98981,391611.0,,2020-10-16,,168.956,10009.0,36427.0,0.928,55.0
98982,402536.0,,2020-10-17,,184.418,10925.0,36474.0,0.793,47.0
98983,414241.0,,2020-10-18,,197.585,11705.0,36543.0,1.165,69.0
98984,423578.0,,2020-10-19,,157.612,9337.0,36616.0,1.232,73.0
98985,434449.0,,2020-10-20,,183.507,10871.0,36705.0,1.502,89.0
98986,449648.0,,2020-10-21,,256.565,15199.0,36832.0,2.144,127.0
98987,465726.0,,2020-10-22,,271.403,16078.0,36968.0,2.296,136.0
98988,484869.0,,2020-10-23,,323.141,19143.0,37059.0,1.536,91.0
98989,504509.0,,2020-10-24,,331.531,19640.0,37210.0,2.549,151.0
98990,525782.0,,2020-10-25,,359.097,21273.0,37338.0,2.161,128.0
98991,542789.0,,2020-10-26,,287.085,17007.0,37479.0,2.38,141.0
98992,564778.0,,2020-10-27,,371.183,21989.0,37700.0,3.731,221.0
98993,589766.0,,2020-10-28,,421.807,24988.0,37905.0,3.46,205.0
98994,616595.0,,2020-10-29,,452.884,26829.0,38122.0,3.663,217.0
98995,647674.0,,2020-10-30,,524.626,31079.0,38321.0,3.359,199.0
98996,679430.0,,2020-10-31,,536.054,31756.0,38618.0,5.013,297.0
98997,709335.0,,2020-11-01,,504.808,29905.0,38826.0,3.511,208.0
98998,731588.0,,2020-11-02,,375.639,22253.0,39059.0,3.933,233.0
98999,759829.0,,2020-11-03,,476.719,28241.0,39412.0,5.959,353.0
99000,790377.0,,2020-11-04,,515.662,30548.0,39764.0,5.942,352.0
99001,824879.0,,2020-11-05,,582.407,34502.0,40192.0,7.225,428.0
99002,862681.0,,2020-11-06,,638.113,37802.0,40638.0,7.529,446.0
99003,902490.0,,2020-11-07,,671.992,39809.0,41063.0,7.174,425.0
99004,935104.0,,2020-11-08,,550.537,32614.0,41394.0,5.587,331.0
99005,960373.0,,2020-11-09,,426.551,25269.0,41750.0,6.009,356.0
99006,995463.0,,2020-11-10,,592.333,35090.0,42330.0,9.791,580.0
99007,1028424.0,,2020-11-11,,556.395,32961.0,42953.0,10.516,623.0
99008,1066401.0,,2020-11-12,,641.067,37977.0,43589.0,10.736,636.0
99009,1107303.0,,2020-11-13,,690.442,40902.0,44139.0,9.284,550.0
99010,1144552.0,,2020-11-14,,628.778,37249.0,44683.0,9.183,544.0
99011,1178529.0,,2020-11-15,,573.545,33977.0,45229.0,9.217,546.0
99012,1205881.0,,2020-11-16,,461.712,27352.0,45733.0,8.508,504.0
99013,1238072.0,,2020-11-17,,543.397,32191.0,46464.0,12.34,731.0
99014,1272352.0,,2020-11-18,,578.66,34280.0,47217.0,12.711,753.0
99015,1308528.0,,2020-11-19,,610.665,36176.0,47870.0,11.023,653.0
99016,1345767.0,,2020-11-20,,628.609,37239.0,48569.0,11.799,699.0
99017,1380531.0,,2020-11-21,,586.83,34764.0,49261.0,11.681,692.0
99018,1408868.0,,2020-11-22,,478.34,28337.0,49823.0,9.487,562.0
99019,1431795.0,,2020-11-23,,387.017,22927.0,50453.0,10.635,630.0
99020,1455022.0,,2020-11-24,,392.081,23227.0,51306.0,14.399,853.0
99021,1480874.0,,2020-11-25,,436.392,25852.0,52028.0,12.188,722.0
99022,1509875.0,,2020-11-26,,489.548,29001.0,52850.0,13.876,822.0
99023,1538217.0,,2020-11-27,,478.424,28342.0,53677.0,13.96,827.0
99024,1564532.0,,2020-11-28,,444.208,26315.0,54363.0,11.58,686.0
99025,1585178.0,,2020-11-29,,348.513,20646.0,54904.0,9.132,541.0
99026,1601554.0,,2020-11-30,,276.433,16376.0,55576.0,11.344,672.0
99027,1620901.0,,2020-12-01,,326.585,19347.0,56361.0,13.251,785.0
99028,1641610.0,,2020-12-02,,349.576,20709.0,57045.0,11.546,684.0
99029,1664829.0,,2020-12-03,,391.946,23219.0,58038.0,16.762,993.0
99030,1688939.0,,2020-12-04,,406.986,24110.0,58852.0,13.741,814.0
99031,1709991.0,,2020-12-05,,355.366,21052.0,59514.0,11.175,662.0
99032,1728878.0,,2020-12-06,,318.82,18887.0,60078.0,9.521,564.0
99033,1742557.0,,2020-12-07,,230.907,13679.0,60606.0,8.913,528.0
99034,1757394.0,,2020-12-08,,250.454,14837.0,61240.0,10.702,634.0
99035,1770149.0,,2020-12-09,,215.309,12755.0,61739.0,8.423,499.0
99036,1787147.0,,2020-12-10,,286.933,16998.0,62626.0,14.973,887.0
99037,1805873.0,,2020-12-11,,316.102,18726.0,63387.0,12.846,761.0
99038,1825775.0,,2020-12-12,,335.954,19902.0,64036.0,10.955,649.0
99039,1843712.0,,2020-12-13,,302.784,17937.0,64520.0,8.17,484.0
99040,1855737.0,,2020-12-14,,202.987,12025.0,65011.0,8.288,491.0
99041,1870576.0,,2020-12-15,,250.488,14839.0,65857.0,14.281,846.0
99042,1888144.0,,2020-12-16,,296.555,17568.0,66537.0,11.479,680.0
99043,1906377.0,,2020-12-17,,307.78,18233.0,67220.0,11.529,683.0
99044,1921778.0,,2020-12-18,,259.975,15401.0,67894.0,11.377,674.0
99045,1938083.0,,2020-12-19,,275.235,16305.0,68447.0,9.335,553.0
99046,1953185.0,,2020-12-20,,254.928,15102.0,68799.0,5.942,352.0
99047,1964054.0,,2020-12-21,,183.473,10869.0,69214.0,7.005,415.0
99048,1977370.0,,2020-12-22,,224.779,13316.0,69842.0,10.601,628.0
99049,1991278.0,,2020-12-23,,234.772,13908.0,70395.0,9.335,553.0
99050,2009317.0,,2020-12-24,,304.505,18039.0,70900.0,8.525,505.0
99051,2028354.0,,2020-12-25,,321.352,19037.0,71359.0,7.748,459.0
99052,2038759.0,,2020-12-26,,175.64,10405.0,71620.0,4.406,261.0
99053,2047696.0,7350.0,2020-12-27,,150.86,8937.0,71925.0,5.149,305.0
99054,2056277.0,8855.0,2020-12-28,25.0,144.851,8581.0,72370.0,7.512,445.0
99055,2067487.0,9954.0,2020-12-29,22.0,189.229,11210.0,73029.0,11.124,659.0
99056,2083689.0,14843.0,2020-12-30,42.0,273.496,16202.0,73604.0,9.706,575.0
99057,2107166.0,40800.0,2020-12-31,141.0,396.301,23477.0,74159.0,9.369,555.0
99058,2129376.0,52080.0,2021-01-01,151.0,374.914,22210.0,74621.0,7.799,462.0
99059,2141201.0,91165.0,2021-01-02,236.0,199.611,11825.0,74985.0,6.144,364.0
99060,2155446.0,127048.0,2021-01-03,289.0,240.461,14245.0,75332.0,5.857,347.0
99061,2166244.0,196702.0,2021-01-04,453.0,182.274,10798.0,75680.0,5.874,348.0
99062,2181619.0,276975.0,2021-01-05,644.0,259.536,15375.0,76329.0,10.955,649.0
99063,2201945.0,342164.0,2021-01-06,789.0,343.111,20326.0,76877.0,9.25,548.0
99064,2220361.0,434831.0,2021-01-07,950.0,310.869,18416.0,77291.0,6.988,414.0
99065,2237890.0,531830.0,2021-01-08,1157.0,295.896,17529.0,77911.0,10.466,620.0
99066,2257866.0,620106.0,2021-01-09,1276.0,337.203,19976.0,78394.0,8.153,483.0
99067,2276491.0,681044.0,2021-01-10,1336.0,314.397,18625.0,78755.0,6.094,361.0
99068,2289021.0,763253.0,2021-01-11,1366.0,211.511,12530.0,79203.0,7.562,448.0
99069,2303263.0,846816.0,2021-01-12,1374.0,240.411,14242.0,79819.0,10.398,616.0
99070,2319036.0,942323.0,2021-01-13,1447.0,266.254,15773.0,80326.0,8.558,507.0
99071,2336279.0,1036916.0,2021-01-14,1452.0,291.069,17243.0,80848.0,8.812,522.0
99072,2352423.0,1127964.0,2021-01-15,1438.0,272.517,16144.0,81325.0,8.052,477.0
99073,2368733.0,1194104.0,2021-01-16,1384.0,275.319,16310.0,81800.0,8.018,475.0
99074,2381277.0,1231751.0,2021-01-17,1328.0,211.748,12544.0,82177.0,6.364,377.0
99075,2390102.0,1276460.0,2021-01-18,1238.0,148.969,8825.0,82554.0,6.364,377.0
99076,2400598.0,1310090.0,2021-01-19,1117.0,177.177,10496.0,83157.0,10.179,603.0
99077,2414166.0,1341629.0,2021-01-20,963.0,229.033,13568.0,83681.0,8.845,524.0
99078,2428221.0,1378222.0,2021-01-21,823.0,237.254,14055.0,84202.0,8.795,521.0
99079,2441854.0,1405687.0,2021-01-22,670.0,230.13,13633.0,84674.0,7.968,472.0
99080,2455185.0,1445073.0,2021-01-23,605.0,225.033,13331.0,85162.0,8.238,488.0
99081,2466813.0,1479117.0,2021-01-24,597.0,196.285,11628.0,85461.0,5.047,299.0
99082,2475372.0,1548777.0,2021-01-25,657.0,144.479,8559.0,85881.0,7.09,420.0
99083,2485956.0,1629657.0,2021-01-26,771.0,178.662,10584.0,86422.0,9.132,541.0
99084,2501147.0,1700917.0,2021-01-27,866.0,256.43,15191.0,86889.0,7.883,467.0
99085,2515507.0,1795179.0,2021-01-28,1005.0,242.402,14360.0,87381.0,8.305,492.0
99086,2529070.0,1894359.0,2021-01-29,1178.0,228.949,13563.0,87858.0,8.052,477.0
99087,2541783.0,1985160.0,2021-01-30,1302.0,214.6,12713.0,88279.0,7.107,421.0
99088,2553032.0,2045171.0,2021-01-31,1365.0,189.888,11249.0,88516.0,4.001,237.0
99089,2560957.0,2131428.0,2021-02-01,1405.0,133.777,7925.0,88845.0,5.554,329.0
99090,2570608.0,2220078.0,2021-02-02,1424.0,162.913,9651.0,89344.0,8.423,499.0
99091,2583790.0,2320379.0,2021-02-03,1494.0,222.517,13182.0,89820.0,8.035,476.0
99092,2597446.0,2429424.0,2021-02-04,1529.0,230.519,13656.0,90241.0,7.107,421.0
99093,2611659.0,2537668.0,2021-02-05,1551.0,239.921,14213.0,90618.0,6.364,377.0
99094,2625098.0,2615774.0,2021-02-06,1521.0,226.856,13439.0,91003.0,6.499,385.0
99095,2636738.0,2658216.0,2021-02-07,1478.0,196.488,11640.0,91273.0,4.558,270.0
99096,2644707.0,2725489.0,2021-02-08,1433.0,134.52,7969.0,91580.0,5.182,307.0
99097,2655319.0,2792782.0,2021-02-09,1381.0,179.135,10612.0,92002.0,7.124,422.0
99098,2668266.0,2866145.0,2021-02-10,1316.0,218.55,12947.0,92338.0,5.672,336.0
99099,2683403.0,2941480.0,2021-02-11,1235.0,255.518,15137.0,92729.0,6.6,391.0
99100,2697296.0,3016099.0,2021-02-12,1154.0,234.519,13893.0,93045.0,5.334,316.0
99101,2710819.0,3069045.0,2021-02-13,1093.0,228.274,13523.0,93356.0,5.25,311.0
99102,2721879.0,3099076.0,2021-02-14,1063.0,186.697,11060.0,93577.0,3.731,221.0
99103,2729223.0,3162114.0,2021-02-15,1053.0,123.97,7344.0,93835.0,4.355,258.0
99104,2739591.0,3233627.0,2021-02-16,1063.0,175.016,10368.0,94171.0,5.672,336.0
99105,2751657.0,3314412.0,2021-02-17,1081.0,203.679,12066.0,94540.0,6.229,369.0
99106,2765412.0,3405056.0,2021-02-18,1118.0,232.19,13755.0,94887.0,5.857,347.0
99107,2780882.0,3498750.0,2021-02-19,1164.0,261.14,15470.0,95235.0,5.874,348.0
99108,2795796.0,3577360.0,2021-02-20,1226.0,251.754,14914.0,95486.0,4.237,251.0
99109,2809246.0,3628627.0,2021-02-21,1277.0,227.041,13450.0,95718.0,3.916,232.0
99110,2818863.0,3734891.0,2021-02-22,1381.0,162.339,9617.0,95992.0,4.625,274.0
99111,2832162.0,3841945.0,2021-02-23,1467.0,224.492,13299.0,96348.0,6.009,356.0
99112,2848564.0,3964727.0,2021-02-24,1568.0,276.872,16402.0,96666.0,5.368,318.0
99113,2868435.0,4093747.0,2021-02-25,1661.0,335.43,19871.0,96974.0,5.199,308.0
99114,2888923.0,4233006.0,2021-02-26,1771.0,345.845,20488.0,97227.0,4.271,253.0
99115,2907825.0,4360181.0,2021-02-27,1888.0,319.073,18902.0,97507.0,4.727,280.0
99116,2925265.0,4438707.0,2021-02-28,1954.0,294.394,17440.0,97699.0,3.241,192.0
99117,2938371.0,4574916.0,2021-03-01,2026.0,221.234,13106.0,97945.0,4.153,246.0
99118,2955434.0,4737477.0,2021-03-02,2160.0,288.03,17063.0,98288.0,5.79,343.0
99119,2976274.0,4925534.0,2021-03-03,2317.0,351.787,20840.0,98635.0,5.857,347.0
99120,2999119.0,5124415.0,2021-03-04,2485.0,385.633,22845.0,98974.0,5.722,339.0
99121,3023129.0,5331433.0,2021-03-05,2649.0,405.298,24010.0,99271.0,5.013,297.0
99122,3046762.0,5510127.0,2021-03-06,2773.0,398.934,23633.0,99578.0,5.182,307.0
99123,3067486.0,5613396.0,2021-03-07,2833.0,349.829,20724.0,99785.0,3.494,207.0
99124,3081368.0,5795881.0,2021-03-08,2944.0,234.334,13882.0,100103.0,5.368,318.0
99125,3101093.0,5992139.0,2021-03-09,3026.0,332.966,19725.0,100479.0,6.347,376.0
99126,3123368.0,6208791.0,2021-03-10,3095.0,376.011,22275.0,100811.0,5.604,332.0
99127,3149017.0,6434185.0,2021-03-11,3158.0,432.965,25649.0,101184.0,6.296,373.0
99128,3175807.0,6647556.0,2021-03-12,3174.0,452.226,26790.0,101564.0,6.415,380.0
99129,3201838.0,6825248.0,2021-03-13,3171.0,439.413,26031.0,101881.0,5.351,317.0
99130,3223142.0,6931365.0,2021-03-14,3178.0,359.62,21304.0,102145.0,4.456,264.0
99131,3238394.0,7107268.0,2021-03-15,3162.0,257.46,15252.0,102499.0,5.976,354.0
99132,3258770.0,7248199.0,2021-03-16,3029.0,343.955,20376.0,103001.0,8.474,502.0
99133,3281810.0,7414616.0,2021-03-17,2908.0,388.924,23040.0,103432.0,7.275,431.0
99134,3306711.0,7578869.0,2021-03-18,2760.0,420.339,24901.0,103855.0,7.14,423.0
99135,3332418.0,7755693.0,2021-03-19,2672.0,433.944,25707.0,104241.0,6.516,386.0
99136,3356331.0,7932160.0,2021-03-20,2669.0,403.661,23913.0,104642.0,6.769,401.0
99137,3376376.0,8062969.0,2021-03-21,2729.0,338.367,20045.0,104942.0,5.064,300.0
99138,3400877.0,8259781.0,2021-03-22,2779.0,413.586,24501.0,105328.0,6.516,386.0
99139,3419616.0,8487027.0,2021-03-23,2987.0,316.322,18739.0,105879.0,9.301,551.0
99140,3440862.0,8745483.0,2021-03-24,3209.0,358.641,21246.0,106339.0,7.765,460.0
99141,3464543.0,9017422.0,2021-03-25,3469.0,399.745,23681.0,106799.0,7.765,460.0
99142,3488619.0,9290384.0,2021-03-26,3701.0,406.412,24076.0,107256.0,7.714,457.0
99143,3512453.0,9531999.0,2021-03-27,3858.0,402.327,23834.0,107636.0,6.415,380.0
99144,3532057.0,9695794.0,2021-03-28,3938.0,330.923,19604.0,107933.0,5.013,297.0
99145,3544957.0,9940297.0,2021-03-29,4053.0,217.757,12900.0,108350.0,7.039,417.0
99146,3561012.0,10211367.0,2021-03-30,4158.0,271.015,16055.0,108879.0,8.93,529.0
99147,3584899.0,10519055.0,2021-03-31,4277.0,403.222,23887.0,109346.0,7.883,467.0
99148,3607083.0,10808152.0,2021-04-01,4318.0,374.475,22184.0,109847.0,8.457,501.0
99149,3629000.0,11092184.0,2021-04-02,4345.0,369.968,21917.0,110328.0,8.119,481.0
99150,3650247.0,11323321.0,2021-04-03,4320.0,358.658,21247.0,110704.0,6.347,376.0
99151,3668264.0,11419673.0,2021-04-04,4157.0,304.134,18017.0,111030.0,5.503,326.0
99152,3678944.0,11591351.0,2021-04-05,3981.0,180.283,10680.0,111326.0,4.997,296.0
99153,3686707.0,11878688.0,2021-04-06,4021.0,131.042,7763.0,111747.0,7.107,421.0
99154,3700393.0,12214164.0,2021-04-07,4088.0,231.025,13686.0,112374.0,10.584,627.0
99155,3717602.0,12554497.0,2021-04-08,4211.0,290.495,17209.0,112861.0,8.221,487.0
99156,3736526.0,12891773.0,2021-04-09,4340.0,319.445,18924.0,113579.0,12.12,718.0
99157,3754077.0,13213909.0,2021-04-10,4559.0,296.268,17551.0,113923.0,5.807,344.0
99158,3769814.0,13416486.0,2021-04-11,4815.0,265.647,15737.0,114254.0,5.587,331.0
99159,3779594.0,13684960.0,2021-04-12,5049.0,165.09,9780.0,114612.0,6.043,358.0
99160,3793033.0,13975690.0,2021-04-13,5057.0,226.856,13439.0,115088.0,8.035,476.0
99161,3809193.0,14298436.0,2021-04-14,5026.0,272.787,16160.0,115557.0,7.917,469.0
99162,3826156.0,14651807.0,2021-04-15,5058.0,286.342,16963.0,115937.0,6.415,380.0
99163,3842079.0,15033750.0,2021-04-16,5165.0,268.786,15923.0,116366.0,7.242,429.0
99164,3857443.0,15394794.0,2021-04-17,5259.0,259.35,15364.0,116676.0,5.233,310.0
99165,3870131.0,15637453.0,2021-04-18,5356.0,214.178,12688.0,116927.0,4.237,251.0
99166,3878994.0,15949587.0,2021-04-19,5461.0,149.611,8863.0,117243.0,5.334,316.0
99167,3891063.0,16284743.0,2021-04-20,5568.0,203.729,12069.0,117633.0,6.583,390.0
99168,3904899.0,16659456.0,2021-04-21,5694.0,233.557,13836.0,117997.0,6.144,364.0
99169,3920945.0,17060368.0,2021-04-22,5808.0,270.863,16046.0,118357.0,6.077,360.0
99170,3935703.0,17467596.0,2021-04-23,5869.0,249.121,14758.0,118699.0,5.773,342.0
99171,3949517.0,17855776.0,2021-04-24,5935.0,233.186,13814.0,119021.0,5.435,322.0
99172,3962674.0,18124006.0,2021-04-25,5996.0,222.095,13157.0,119238.0,3.663,217.0
99173,3971114.0,18469848.0,2021-04-26,6078.0,142.471,8440.0,119539.0,5.081,301.0
99174,3981512.0,18844819.0,2021-04-27,6174.0,175.522,10398.0,119912.0,6.296,373.0
99175,3994894.0,19255533.0,2021-04-28,6260.0,225.893,13382.0,120256.0,5.807,344.0
99176,4009208.0,19787329.0,2021-04-29,6576.0,241.626,14314.0,120544.0,4.862,288.0
99177,4022653.0,20317842.0,2021-04-30,6873.0,226.957,13445.0,120807.0,4.44,263.0
99178,4035617.0,20752197.0,2021-05-01,6985.0,218.837,12964.0,121033.0,3.815,226.0
99179,4044762.0,21123028.0,2021-05-02,7232.0,154.371,9145.0,121177.0,2.431,144.0
99180,4050708.0,21537189.0,2021-05-03,7397.0,100.371,5946.0,121433.0,4.321,256.0
99181,4059821.0,21991097.0,2021-05-04,7587.0,153.831,9113.0,121738.0,5.149,305.0
99182,4070400.0,22478534.0,2021-05-05,7772.0,178.578,10579.0,122005.0,4.507,267.0
99183,4082198.0,23001156.0,2021-05-06,7750.0,199.155,11798.0,122263.0,4.355,258.0
99184,4092747.0,23547992.0,2021-05-07,7789.0,178.071,10549.0,122470.0,3.494,207.0
99185,4102921.0,24062642.0,2021-05-08,7983.0,171.741,10174.0,122694.0,3.781,224.0
99186,4111210.0,24446849.0,2021-05-09,8015.0,139.922,8289.0,122833.0,2.346,139.0
99187,4116287.0,24889355.0,2021-05-10,8084.0,85.702,5077.0,123031.0,3.342,198.0
99188,4123230.0,25348296.0,2021-05-11,8096.0,117.201,6943.0,123282.0,4.237,251.0
99189,4131078.0,25834582.0,2021-05-12,8093.0,132.477,7848.0,123544.0,4.423,262.0
99190,4139160.0,26365277.0,2021-05-13,8113.0,136.427,8082.0,123745.0,3.393,201.0
99191,4146722.0,26921969.0,2021-05-14,8136.0,127.65,7562.0,123927.0,3.072,182.0
99192,4153374.0,27467995.0,2021-05-15,8212.0,112.288,6652.0,124063.0,2.296,136.0
99193,4159122.0,27878532.0,2021-05-16,8275.0,97.028,5748.0,124156.0,1.57,93.0
99194,4162576.0,28346905.0,2021-05-17,8338.0,58.305,3454.0,124296.0,2.363,140.0
99195,4167025.0,28817831.0,2021-05-18,8367.0,75.101,4449.0,124497.0,3.393,201.0
99196,4172525.0,29306483.0,2021-05-19,8372.0,92.842,5500.0,124646.0,2.515,149.0
99197,4178261.0,29861792.0,2021-05-20,8432.0,96.826,5736.0,124810.0,2.768,164.0
99198,4183476.0,30435159.0,2021-05-21,8472.0,88.031,5215.0,125028.0,3.68,218.0
99199,4188190.0,30958610.0,2021-05-22,8418.0,79.574,4714.0,125153.0,2.11,125.0
99200,4192183.0,31366632.0,2021-05-23,8411.0,67.403,3993.0,125225.0,1.215,72.0
99201,4194672.0,31832191.0,2021-05-24,8405.0,42.015,2489.0,125335.0,1.857,110.0
99202,4197892.0,32312913.0,2021-05-25,8428.0,54.355,3220.0,125501.0,2.802,166.0
99203,4201827.0,32841877.0,2021-05-26,8526.0,66.424,3935.0,125622.0,2.043,121.0
99204,4205970.0,33433658.0,2021-05-27,8614.0,69.935,4143.0,125793.0,2.887,171.0
99205,4209707.0,34029692.0,2021-05-28,8668.0,63.082,3737.0,125919.0,2.127,126.0
99206,4213055.0,34555065.0,2021-05-29,8673.0,56.516,3348.0,126002.0,1.401,83.0
99207,4216003.0,34957639.0,2021-05-30,8660.0,49.763,2948.0,126046.0,0.743,44.0
99208,4217821.0,35438453.0,2021-05-31,8696.0,30.689,1818.0,126128.0,1.384,82.0
99209,4220304.0,35908713.0,2021-06-01,8671.0,41.914,2483.0,126221.0,1.57,93.0
99210,4223200.0,36321703.0,2021-06-02,8392.0,48.886,2896.0,126283.0,1.047,62.0
99211,4225163.0,36920409.0,2021-06-03,8408.0,33.136,1963.0,126342.0,0.996,59.0
99212,4227719.0,37554552.0,2021-06-04,8500.0,43.146,2556.0,126415.0,1.232,73.0
99213,4230153.0,38173713.0,2021-06-05,8726.0,41.087,2434.0,126472.0,0.962,57.0
99214,4232428.0,38686438.0,2021-06-06,8992.0,38.403,2275.0,126523.0,0.861,51.0
99215,4233698.0,39258634.0,2021-06-07,9212.0,21.438,1270.0,126588.0,1.097,65.0
99216,4235592.0,39842019.0,2021-06-08,9485.0,31.971,1894.0,126690.0,1.722,102.0
99217,4237790.0,40437398.0,2021-06-09,9925.0,37.103,2198.0,126767.0,1.3,77.0
99218,4239868.0,41072251.0,2021-06-10,10012.0,35.077,2078.0,126855.0,1.485,88.0
99219,4241760.0,41696189.0,2021-06-11,9987.0,31.938,1892.0,126924.0,1.165,69.0
99220,4243482.0,42263403.0,2021-06-12,9862.0,29.068,1722.0,126976.0,0.878,52.0
99221,4244872.0,42699598.0,2021-06-13,9678.0,23.464,1390.0,127002.0,0.439,26.0
99222,4245779.0,43233979.0,2021-06-14,9586.0,15.311,907.0,127038.0,0.608,36.0
99223,4247032.0,43771310.0,2021-06-15,9475.0,21.151,1253.0,127101.0,1.063,63.0
99224,4248432.0,44330135.0,2021-06-16,9387.0,23.633,1400.0,127153.0,0.878,52.0
99225,4249755.0,44935934.0,2021-06-17,9317.0,22.333,1323.0,127190.0,0.625,37.0
99226,4250902.0,45546349.0,2021-06-18,9285.0,19.362,1147.0,127225.0,0.591,35.0
99227,4252095.0,46106220.0,2021-06-19,9267.0,20.138,1193.0,127253.0,0.473,28.0
99228,4252976.0,46544567.0,2021-06-20,9272.0,14.872,881.0,127270.0,0.287,17.0
99229,4253460.0,47104127.0,2021-06-21,9333.0,8.17,484.0,127291.0,0.354,21.0
99230,4254294.0,47676637.0,2021-06-22,9418.0,14.078,834.0,127322.0,0.523,31.0
99231,4255434.0,48245904.0,2021-06-23,9443.0,19.244,1140.0,127352.0,0.506,30.0
99232,4255700.0,48858771.0,2021-06-24,9460.0,4.49,266.0,127362.0,0.169,10.0
99233,4256451.0,49477073.0,2021-06-25,9479.0,12.677,751.0,127418.0,0.945,56.0
99234,4257289.0,50032686.0,2021-06-26,9469.0,14.146,838.0,127458.0,0.675,40.0
99235,4258069.0,50464544.0,2021-06-27,9453.0,13.167,780.0,127472.0,0.236,14.0
99236,4258456.0,51024895.0,2021-06-28,9455.0,6.533,387.0,127500.0,0.473,28.0
99237,4259133.0,51589204.0,2021-06-29,9435.0,11.428,677.0,127542.0,0.709,42.0
99238,4259909.0,52163657.0,2021-06-30,9448.0,13.099,776.0,127566.0,0.405,24.0
99239,4260788.0,52733773.0,2021-07-01,9345.0,14.838,879.0,127587.0,0.354,21.0
99240,4261582.0,53290240.0,2021-07-02,9195.0,13.403,794.0,127615.0,0.473,28.0
99241,4262511.0,53817991.0,2021-07-03,9128.0,15.682,929.0,127637.0,0.371,22.0
99242,4263317.0,54232915.0,2021-07-04,9087.0,13.606,806.0,127649.0,0.203,12.0
99243,4263797.0,54774452.0,2021-07-05,9042.0,8.103,480.0,127680.0,0.523,31.0
99244,4264704.0,55313636.0,2021-07-06,8981.0,15.311,907.0,127704.0,0.405,24.0
99245,4265714.0,55862926.0,2021-07-07,8921.0,17.049,1010.0,127718.0,0.236,14.0
99246,4267105.0,56449569.0,2021-07-08,8961.0,23.481,1391.0,127731.0,0.219,13.0
99247,4268491.0,57049221.0,2021-07-09,9065.0,23.396,1386.0,127756.0,0.422,25.0
99248,4269885.0,57619047.0,2021-07-10,9166.0,23.531,1394.0,127768.0,0.203,12.0
99249,4271276.0,58030679.0,2021-07-11,9158.0,23.481,1391.0,127775.0,0.118,7.0
99250,4272163.0,58598540.0,2021-07-12,9222.0,14.973,887.0,127788.0,0.219,13.0
99251,4273693.0,59170896.0,2021-07-13,9302.0,25.827,1530.0,127808.0,0.338,20.0
99252,4275846.0,59739004.0,2021-07-14,9347.0,36.343,2153.0,127831.0,0.388,23.0
99253,4278319.0,60354003.0,2021-07-15,9415.0,41.745,2473.0,127840.0,0.152,9.0
99254,4281214.0,60950906.0,2021-07-16,9409.0,48.869,2895.0,127851.0,0.186,11.0
99255,4284332.0,61489432.0,2021-07-17,9333.0,52.633,3118.0,127864.0,0.219,13.0
99256,4287458.0,61934751.0,2021-07-18,9415.0,52.768,3126.0,127867.0,0.051,3.0
99257,4289528.0,62509880.0,2021-07-19,9432.0,34.942,2070.0,127874.0,0.118,7.0
99258,4293083.0,63077940.0,2021-07-20,9422.0,60.01,3555.0,127884.0,0.169,10.0
99259,4297337.0,63662987.0,2021-07-21,9463.0,71.809,4254.0,127905.0,0.354,21.0
99260,4302393.0,64270691.0,2021-07-22,9445.0,85.347,5056.0,127920.0,0.253,15.0
99261,4307535.0,64859066.0,2021-07-23,9424.0,86.799,5142.0,127937.0,0.287,17.0
99262,4312673.0,65354673.0,2021-07-24,9321.0,86.731,5138.0,127942.0,0.084,5.0
99263,4317415.0,65718504.0,2021-07-25,9124.0,80.047,4742.0,127949.0,0.118,7.0
99264,4320530.0,66284209.0,2021-07-26,9102.0,52.582,3115.0,127971.0,0.371,22.0
99265,4325046.0,66858216.0,2021-07-27,9116.0,76.232,4516.0,127995.0,0.405,24.0
99266,4330739.0,67398100.0,2021-07-28,9007.0,96.1,5693.0,128010.0,0.253,15.0
99267,4336906.0,67938532.0,2021-07-29,8845.0,104.101,6167.0,128029.0,0.321,19.0
99268,4343519.0,68455076.0,2021-07-30,8672.0,111.63,6613.0,128047.0,0.304,18.0
99269,4350028.0,68888006.0,2021-07-31,8521.0,109.874,6509.0,128063.0,0.27,16.0
99270,4355348.0,69184601.0,2021-08-01,8358.0,89.804,5320.0,128068.0,0.084,5.0
99271,4358533.0,69662706.0,2021-08-02,8147.0,53.764,3185.0,128088.0,0.338,20.0
99272,4363374.0,70131989.0,2021-08-03,7895.0,81.718,4841.0,128115.0,0.456,27.0
99273,4369964.0,70610500.0,2021-08-04,7747.0,111.242,6590.0,128136.0,0.354,21.0
99274,4377188.0,71072991.0,2021-08-05,7559.0,121.944,7224.0,128163.0,0.456,27.0
99275,4383787.0,71513367.0,2021-08-06,7375.0,111.394,6599.0,128187.0,0.405,24.0
99276,4390684.0,71859003.0,2021-08-07,7165.0,116.424,6897.0,128209.0,0.371,22.0
99277,4396417.0,72118808.0,2021-08-08,7076.0,96.775,5733.0,128220.0,0.186,11.0
99278,4400617.0,72526613.0,2021-08-09,6906.0,70.898,4200.0,128242.0,0.371,22.0
99279,4406241.0,72904710.0,2021-08-10,6686.0,94.935,5624.0,128273.0,0.523,31.0
99280,4413162.0,73264014.0,2021-08-11,6399.0,116.829,6921.0,128304.0,0.523,31.0
99281,4420429.0,73603318.0,2021-08-12,6102.0,122.67,7267.0,128334.0,0.506,30.0
99282,4427827.0,73900513.0,2021-08-13,5757.0,124.881,7398.0,128379.0,0.76,45.0
99283,4435008.0,74029379.0,2021-08-14,5234.0,121.218,7181.0,128413.0,0.574,34.0
99284,4440669.0,74082340.0,2021-08-15,4735.0,95.56,5661.0,128432.0,0.321,19.0
99285,4444338.0,74317611.0,2021-08-16,4319.0,61.934,3669.0,128456.0,0.405,24.0
99286,4449606.0,74569176.0,2021-08-17,4014.0,88.926,5268.0,128510.0,0.912,54.0
99287,4456765.0,74829273.0,2021-08-18,3775.0,120.847,7159.0,128579.0,1.165,69.0
99288,4464005.0,75072007.0,2021-08-19,3542.0,122.214,7240.0,128634.0,0.928,55.0
99289,4471225.0,75303868.0,2021-08-20,3384.0,121.876,7220.0,128683.0,0.827,49.0
99290,4478691.0,75460448.0,2021-08-21,3451.0,126.029,7466.0,128728.0,0.76,45.0
99291,4484613.0,75573853.0,2021-08-22,3597.0,99.966,5922.0,128751.0,0.388,23.0
99292,4488779.0,75884989.0,2021-08-23,3780.0,70.324,4166.0,128795.0,0.743,44.0
99293,4494857.0,76166288.0,2021-08-24,3851.0,102.599,6078.0,128855.0,1.013,60.0
99294,4502396.0,76461842.0,2021-08-25,3937.0,127.261,7539.0,128914.0,0.996,59.0
99295,4509611.0,76744273.0,2021-08-26,4033.0,121.792,7215.0,128957.0,0.726,43.0
99296,4517434.0,77035443.0,2021-08-27,4176.0,132.055,7823.0,129002.0,0.76,45.0
99297,4524292.0,77263087.0,2021-08-28,4347.0,115.766,6858.0,129056.0,0.912,54.0
99298,4530246.0,77424365.0,2021-08-29,4462.0,100.506,5954.0,129093.0,0.625,37.0
99299,4534499.0,77775283.0,2021-08-30,4558.0,71.792,4253.0,129146.0,0.895,53.0
99300,4539991.0,78099837.0,2021-08-31,4663.0,92.707,5492.0,129221.0,1.266,75.0
99301,4546487.0,78414354.0,2021-09-01,4708.0,109.655,6496.0,129290.0,1.165,69.0
99302,4553241.0,78713396.0,2021-09-02,4749.0,114.01,6754.0,129352.0,1.047,62.0
99303,4559970.0,79009973.0,2021-09-03,4762.0,113.588,6729.0,129410.0,0.979,58.0
99304,4566126.0,79231106.0,2021-09-04,4746.0,103.916,6156.0,129466.0,0.945,56.0
99305,4571440.0,79374522.0,2021-09-05,4703.0,89.702,5314.0,129515.0,0.827,49.0
99306,4574787.0,79664912.0,2021-09-06,4557.0,56.499,3347.0,129567.0,0.878,52.0
99307,4579502.0,79948207.0,2021-09-07,4457.0,79.591,4715.0,129638.0,1.199,71.0
99308,4585423.0,80220209.0,2021-09-08,4355.0,99.949,5921.0,129707.0,1.165,69.0
99309,4590941.0,80498970.0,2021-09-09,4306.0,93.146,5518.0,129766.0,0.996,59.0
99310,4596558.0,80773160.0,2021-09-10,4252.0,94.817,5617.0,129828.0,1.047,62.0
99311,4601749.0,80978582.0,2021-09-11,4214.0,87.626,5191.0,129885.0,0.962,57.0
99312,4606413.0,81111017.0,2021-09-12,4188.0,78.73,4664.0,129919.0,0.574,34.0
99313,4609205.0,81367926.0,2021-09-13,4107.0,47.13,2792.0,129955.0,0.608,36.0
99314,4613214.0,81607813.0,2021-09-14,4002.0,67.673,4009.0,130027.0,1.215,72.0
99315,4618040.0,81831918.0,2021-09-15,3887.0,81.465,4826.0,130100.0,1.232,73.0
99316,4623155.0,82048490.0,2021-09-16,3737.0,86.343,5115.0,130167.0,1.131,67.0
99317,4627699.0,82267410.0,2021-09-17,3603.0,76.705,4544.0,130233.0,1.114,66.0
99318,4632275.0,82474735.0,2021-09-18,3608.0,77.245,4576.0,130284.0,0.861,51.0
99319,4636111.0,82605785.0,2021-09-19,3605.0,64.753,3836.0,130310.0,0.439,26.0
99320,4638516.0,82872868.0,2021-09-20,3629.0,40.597,2405.0,130354.0,0.743,44.0
99321,4641890.0,83129394.0,2021-09-21,3669.0,56.954,3374.0,130421.0,1.131,67.0
99322,4645853.0,83381671.0,2021-09-22,3737.0,66.897,3963.0,130488.0,1.131,67.0
99323,4649906.0,83612050.0,2021-09-23,3771.0,68.416,4053.0,130551.0,1.063,63.0
99324,4653696.0,83847669.0,2021-09-24,3811.0,63.977,3790.0,130603.0,0.878,52.0
99325,4657215.0,84052955.0,2021-09-25,3806.0,59.402,3519.0,130653.0,0.844,50.0
99326,4660314.0,84180551.0,2021-09-26,3798.0,52.312,3099.0,130697.0,0.743,44.0
99327,4662087.0,84402917.0,2021-09-27,3690.0,29.929,1773.0,130742.0,0.76,45.0
99328,4665049.0,84605518.0,2021-09-28,3560.0,50.0,2962.0,130807.0,1.097,65.0
99329,4668261.0,84803142.0,2021-09-29,3428.0,54.22,3212.0,130870.0,1.063,63.0
99330,4672355.0,85007640.0,2021-09-30,3365.0,69.108,4094.0,130921.0,0.861,51.0
99331,4675758.0,85184511.0,2021-10-01,3224.0,57.444,3403.0,130973.0,0.878,52.0
99332,4679067.0,85335033.0,2021-10-02,3092.0,55.857,3309.0,130998.0,0.422,25.0
99333,4682034.0,85421218.0,2021-10-03,2992.0,50.084,2967.0,131031.0,0.557,33.0
99334,4683646.0,85596795.0,2021-10-04,2879.0,27.211,1612.0,131068.0,0.625,37.0
99335,4686109.0,85763174.0,2021-10-05,2792.0,41.576,2463.0,131118.0,0.844,50.0
99336,4689341.0,85922658.0,2021-10-06,2700.0,54.557,3232.0,131157.0,0.658,39.0
99337,4692274.0,86083699.0,2021-10-07,2595.0,49.51,2933.0,131198.0,0.692,41.0
99338,4695291.0,86256571.0,2021-10-08,2585.0,50.928,3017.0,131228.0,0.506,30.0
99339,4698038.0,86405080.0,2021-10-09,2580.0,46.37,2747.0,131274.0,0.776,46.0
99340,4700316.0,86490428.0,2021-10-10,2578.0,38.454,2278.0,131301.0,0.456,27.0
99341,4701832.0,86673726.0,2021-10-11,2597.0,25.591,1516.0,131335.0,0.574,34.0
99342,4704318.0,86863552.0,2021-10-12,2654.0,41.965,2486.0,131384.0,0.827,49.0
99343,4707087.0,87068865.0,2021-10-13,2764.0,46.742,2769.0,131421.0,0.625,37.0
99344,4709753.0,87294505.0,2021-10-14,2920.0,45.003,2666.0,131461.0,0.675,40.0
99345,4712482.0,87514318.0,2021-10-15,3033.0,46.067,2729.0,131503.0,0.709,42.0
99346,4715464.0,87685747.0,2021-10-16,3088.0,50.337,2982.0,131517.0,0.236,14.0
99347,4717899.0,87789837.0,2021-10-17,3134.0,41.104,2435.0,131541.0,0.405,24.0
99348,4719493.0,87987247.0,2021-10-18,3168.0,26.907,1594.0,131585.0,0.743,44.0
99349,4722188.0,88173619.0,2021-10-19,3159.0,45.493,2695.0,131655.0,1.182,70.0
99350,4725887.0,88361829.0,2021-10-20,3118.0,62.441,3699.0,131688.0,0.557,33.0
99351,4729678.0,88553804.0,2021-10-21,3037.0,63.994,3791.0,131724.0,0.608,36.0
99352,4733557.0,88734539.0,2021-10-22,2943.0,65.479,3879.0,131763.0,0.658,39.0
99353,4737462.0,88868356.0,2021-10-23,2852.0,65.918,3905.0,131802.0,0.658,39.0
99354,4741185.0,88936025.0,2021-10-24,2764.0,62.846,3723.0,131826.0,0.405,24.0
99355,4743720.0,89106218.0,2021-10-25,2698.0,42.792,2535.0,131856.0,0.506,30.0
99356,4747773.0,89277864.0,2021-10-26,2663.0,68.416,4053.0,131904.0,0.81,48.0
99357,4752368.0,89461399.0,2021-10-27,2652.0,77.565,4595.0,131954.0,0.844,50.0
99358,4757231.0,89657274.0,2021-10-28,2661.0,82.089,4863.0,132004.0,0.844,50.0
99359,4762563.0,89840756.0,2021-10-29,2668.0,90.006,5332.0,132037.0,0.557,33.0
99360,4767440.0,89975087.0,2021-10-30,2669.0,82.326,4877.0,132074.0,0.625,37.0
99361,4771965.0,90035989.0,2021-10-31,2653.0,76.384,4525.0,132100.0,0.439,26.0
99362,4774783.0,90088692.0,2021-11-01,2369.0,47.569,2818.0,132120.0,0.338,20.0
99363,4777614.0,90257301.0,2021-11-02,2362.0,47.788,2831.0,132161.0,0.692,41.0
99364,4782802.0,90453613.0,2021-11-03,2393.0,87.575,5188.0,132224.0,1.063,63.0
99365,4788704.0,90657070.0,2021-11-04,2411.0,99.628,5902.0,132283.0,0.996,59.0
99366,4795465.0,90873523.0,2021-11-05,2490.0,114.128,6761.0,132334.0,0.861,51.0
99367,4802225.0,91026572.0,2021-11-06,2536.0,114.111,6760.0,132365.0,0.523,31.0
99368,4808047.0,91093809.0,2021-11-07,2551.0,98.278,5822.0,132391.0,0.439,26.0
99369,4812594.0,91294976.0,2021-11-08,2909.0,76.755,4547.0,132423.0,0.54,32.0
99370,4818705.0,91502433.0,2021-11-09,3003.0,103.156,6111.0,132491.0,1.148,68.0
99371,4826738.0,91720092.0,2021-11-10,3054.0,135.6,8033.0,132551.0,1.013,60.0
99372,4835435.0,91939074.0,2021-11-11,3092.0,146.809,8697.0,132618.0,1.131,67.0
99373,4843957.0,92162913.0,2021-11-12,3109.0,143.855,8522.0,132686.0,1.148,68.0
99374,4852496.0,92330169.0,2021-11-13,3144.0,144.142,8539.0,132739.0,0.895,53.0
99375,4860061.0,92404357.0,2021-11-14,3160.0,127.7,7565.0,132775.0,0.608,36.0
99376,4865260.0,92616710.0,2021-11-15,3187.0,87.761,5199.0,132819.0,0.743,44.0
99377,4873075.0,92836383.0,2021-11-16,3217.0,131.92,7815.0,132893.0,1.249,74.0
99378,4883242.0,93061060.0,2021-11-17,3234.0,171.623,10167.0,132965.0,1.215,72.0
99379,4893887.0,93305323.0,2021-11-18,3295.0,179.692,10645.0,133034.0,1.165,69.0
99380,4904441.0,93560031.0,2021-11-19,3369.0,178.156,10554.0,133082.0,0.81,48.0
99381,4915981.0,93754910.0,2021-11-20,3436.0,194.8,11540.0,133131.0,0.827,49.0
99382,4925688.0,93838828.0,2021-11-21,3459.0,163.858,9707.0,133177.0,0.776,46.0
99383,4932091.0,94095104.0,2021-11-22,3565.0,108.085,6403.0,133247.0,1.182,70.0
99384,4942135.0,94381074.0,2021-11-23,3725.0,169.547,10044.0,133330.0,1.401,83.0
99385,4954585.0,94700829.0,2021-11-24,3954.0,210.161,12450.0,133415.0,1.435,85.0
99386,4968341.0,95051854.0,2021-11-25,4212.0,232.207,13756.0,133486.0,1.199,71.0
99387,4982022.0,95422676.0,2021-11-26,4492.0,230.941,13681.0,133537.0,0.861,51.0
99388,4994891.0,95738239.0,2021-11-27,4783.0,217.234,12869.0,133627.0,1.519,90.0
99389,5007818.0,95899719.0,2021-11-28,4970.0,218.213,12927.0,133674.0,0.793,47.0
99390,5015790.0,96279994.0,2021-11-29,5269.0,134.57,7972.0,133739.0,1.097,65.0
99391,5028547.0,96699922.0,2021-11-30,5592.0,215.343,12757.0,133828.0,1.502,89.0
99392,5043620.0,97165247.0,2021-12-01,5943.0,254.438,15073.0,133931.0,1.739,103.0
99393,5060430.0,97660592.0,2021-12-02,6291.0,283.759,16810.0,134003.0,1.215,72.0
99394,5077445.0,98185629.0,2021-12-03,6663.0,287.22,17015.0,134077.0,1.249,74.0
99395,5094072.0,98656757.0,2021-12-04,7038.0,280.67,16627.0,134152.0,1.266,75.0
99396,5109082.0,98951532.0,2021-12-05,7359.0,253.375,15010.0,134195.0,0.726,43.0
99397,5118576.0,99476166.0,2021-12-06,7708.0,160.262,9494.0,134287.0,1.553,92.0
99398,5134318.0,100020162.0,2021-12-07,8007.0,265.731,15742.0,134386.0,1.671,99.0
99399,5152264.0,100301742.0,2021-12-08,7564.0,302.936,17946.0,134472.0,1.452,86.0
99400,5164780.0,100860268.0,2021-12-09,7716.0,211.275,12516.0,134551.0,1.334,79.0
99401,5185270.0,101439183.0,2021-12-10,7846.0,345.879,20490.0,134669.0,1.992,118.0
99402,5206305.0,101951033.0,2021-12-11,7944.0,355.079,21035.0,134765.0,1.621,96.0
99403,5225517.0,102276231.0,2021-12-12,8017.0,324.306,19212.0,134831.0,1.114,66.0
99404,5238221.0,102799699.0,2021-12-13,8015.0,214.449,12704.0,134929.0,1.654,98.0
99405,5258886.0,103348728.0,2021-12-14,8027.0,348.833,20665.0,135049.0,2.026,120.0
99406,5282076.0,103919213.0,2021-12-15,8723.0,391.456,23190.0,135178.0,2.178,129.0
99407,5308180.0,104509515.0,2021-12-16,8800.0,440.646,26104.0,135301.0,2.076,123.0
99408,5336795.0,105093816.0,2021-12-17,8813.0,483.032,28615.0,135421.0,2.026,120.0
99409,5364852.0,105638852.0,2021-12-18,8893.0,473.613,28057.0,135544.0,2.076,123.0
99410,5389155.0,105989622.0,2021-12-19,8955.0,410.244,24303.0,135641.0,1.637,97.0
99411,5405360.0,106535925.0,2021-12-20,9010.0,273.547,16205.0,135778.0,2.313,137.0
99412,5436143.0,107097358.0,2021-12-21,9040.0,519.629,30783.0,135931.0,2.583,153.0
99413,5472469.0,107650193.0,2021-12-22,8997.0,613.197,36326.0,136077.0,2.465,146.0
99414,5517054.0,108144665.0,2021-12-23,8766.0,752.612,44585.0,136245.0,2.836,168.0
99415,5567644.0,108382480.0,2021-12-24,7931.0,853.979,50590.0,136386.0,2.38,141.0
99416,5622431.0,108419131.0,2021-12-25,6705.0,924.826,54787.0,136530.0,2.431,144.0
99417,5647313.0,108602689.0,2021-12-26,6301.0,420.018,24882.0,136611.0,1.367,81.0
99418,5678112.0,109199834.0,2021-12-27,6424.0,519.899,30799.0,136753.0,2.397,142.0
99419,5756412.0,109851405.0,2021-12-28,6641.0,1321.735,78300.0,136955.0,3.41,202.0
99420,5854428.0,110492347.0,2021-12-29,6854.0,1654.549,98016.0,137091.0,2.296,136.0
99421,5981428.0,111075138.0,2021-12-30,7067.0,2143.81,127000.0,137247.0,2.633,156.0
99422,6125683.0,111356147.0,2021-12-31,7171.0,2435.081,144255.0,137402.0,2.616,155.0
99423,6266939.0,111429315.0,2022-01-01,7259.0,2384.457,141256.0,137513.0,1.874,111.0
99424,6328076.0,111768657.0,2022-01-02,7635.0,1032.017,61137.0,137646.0,2.245,133.0
99425,6396110.0,112396064.0,2022-01-03,7708.0,1148.441,68034.0,137786.0,2.363,140.0
99426,6566947.0,113084546.0,2022-01-04,7797.0,2883.796,170837.0,138045.0,4.372,259.0
99427,6756035.0,113751261.0,2022-01-05,7859.0,3191.88,189088.0,138276.0,3.899,231.0
99428,6975465.0,114091881.0,2022-01-06,7275.0,3704.064,219430.0,138474.0,3.342,198.0
99429,7083762.0,114779451.0,2022-01-07,8255.0,1828.096,108297.0,138697.0,3.764,223.0
99430,7281297.0,115420535.0,2022-01-08,9625.0,3334.468,197535.0,138881.0,3.106,184.0
99431,7436939.0,115841793.0,2022-01-09,9822.0,2627.298,155642.0,139038.0,2.65,157.0
99432,7554344.0,116509959.0,2022-01-10,9921.0,1981.842,117405.0,139265.0,3.832,227.0
99433,7774863.0,117234614.0,2022-01-11,10008.0,3722.447,220519.0,139559.0,4.963,294.0
99434,7971068.0,117947691.0,2022-01-12,10120.0,3312.017,196205.0,139872.0,5.284,313.0
99435,8155645.0,118655225.0,2022-01-13,11004.0,3115.732,184577.0,140188.0,5.334,316.0
99436,8356514.0,119362717.0,2022-01-14,11052.0,3390.747,200869.0,140548.0,6.077,360.0
99437,8549450.0,120063141.0,2022-01-15,11196.0,3256.835,192936.0,140856.0,5.199,308.0
99438,8706915.0,120497346.0,2022-01-16,11227.0,2658.071,157465.0,141104.0,4.186,248.0
99439,8790302.0,121096075.0,2022-01-17,11059.0,1407.605,83387.0,141391.0,4.845,287.0
99440,9018425.0,121726340.0,2022-01-18,10832.0,3850.806,228123.0,141825.0,7.326,434.0
99441,9219391.0,122336886.0,2022-01-19,10584.0,3392.385,200966.0,142205.0,6.415,380.0
99442,9418256.0,122940165.0,2022-01-20,10333.0,3356.919,198865.0,142590.0,6.499,385.0
99443,9603856.0,123526385.0,2022-01-21,10041.0,3133.001,185600.0,142963.0,6.296,373.0
99444,9781191.0,124092396.0,2022-01-22,9716.0,2993.484,177335.0,143296.0,5.621,333.0
99445,9923678.0,124440665.0,2022-01-23,9509.0,2405.236,142487.0,143523.0,3.832,227.0
99446,10001344.0,124971350.0,2022-01-24,9345.0,1311.033,77666.0,143875.0,5.942,352.0
99447,10212621.0,125522786.0,2022-01-25,9155.0,3566.439,211277.0,144343.0,7.9,468.0
99448,10383561.0,126053739.0,2022-01-26,8963.0,2885.534,170940.0,144770.0,7.208,427.0
99449,10539601.0,126571943.0,2022-01-27,8758.0,2634.016,156040.0,145159.0,6.566,389.0
99450,10683948.0,127104537.0,2022-01-28,8629.0,2436.634,144347.0,145537.0,6.381,378.0
99451,10821375.0,127632878.0,2022-01-29,8538.0,2319.822,137427.0,145914.0,6.364,377.0
99452,10925485.0,127953332.0,2022-01-30,8471.0,1757.418,104110.0,146149.0,3.967,235.0
99453,10983116.0,128404526.0,2022-01-31,8279.0,972.834,57631.0,146498.0,5.891,349.0
99454,11116422.0,128829423.0,2022-02-01,7974.0,2250.258,133306.0,146925.0,7.208,427.0
99455,11235745.0,129217119.0,2022-02-02,7628.0,2014.219,119323.0,147320.0,6.668,395.0
99456,11348701.0,129577732.0,2022-02-03,7248.0,1906.742,112956.0,147734.0,6.988,414.0
99457,11449601.0,129945267.0,2022-02-04,6850.0,1703.232,100900.0,148167.0,7.309,433.0
99458,11542793.0,130310858.0,2022-02-05,6458.0,1573.118,93192.0,148542.0,6.33,375.0
99459,11621736.0,130501514.0,2022-02-06,6145.0,1332.589,78943.0,148771.0,3.866,229.0
99460,11663338.0,130785513.0,2022-02-07,5742.0,702.258,41602.0,149097.0,5.503,326.0
99461,11765767.0,131058442.0,2022-02-08,5375.0,1729.042,102429.0,149512.0,7.005,415.0
99462,11847436.0,131301380.0,2022-02-09,5026.0,1378.605,81669.0,149896.0,6.482,384.0
99463,11923631.0,131539698.0,2022-02-10,4731.0,1286.201,76195.0,150221.0,5.486,325.0
99464,11991109.0,131781084.0,2022-02-11,4427.0,1139.055,67478.0,150555.0,5.638,334.0
99465,12053330.0,132024103.0,2022-02-12,4131.0,1050.315,62221.0,150824.0,4.541,269.0
99466,12105675.0,132143538.0,2022-02-13,3960.0,883.604,52345.0,151015.0,3.224,191.0
99467,12134451.0,132316223.0,2022-02-14,3691.0,485.75,28776.0,151296.0,4.743,281.0
99468,12205474.0,132499627.0,2022-02-15,3475.0,1198.896,71023.0,151684.0,6.55,388.0
99469,12265343.0,132660895.0,2022-02-16,3278.0,1010.612,59869.0,151962.0,4.693,278.0
99470,12323398.0,132810257.0,2022-02-17,3064.0,979.991,58055.0,152282.0,5.402,320.0
99471,12377098.0,132978481.0,2022-02-18,2888.0,906.477,53700.0,152596.0,5.3,314.0
99472,12427773.0,133140740.0,2022-02-19,2693.0,855.414,50675.0,152848.0,4.254,252.0
99473,12469975.0,133216227.0,2022-02-20,2587.0,712.386,42202.0,152989.0,2.38,141.0
99474,12494459.0,133349600.0,2022-02-21,2492.0,413.3,24484.0,153190.0,3.393,201.0
99475,12554596.0,133476648.0,2022-02-22,2356.0,1015.136,60137.0,153512.0,5.435,322.0
99476,12603758.0,133595232.0,2022-02-23,2253.0,829.874,49162.0,153764.0,4.254,252.0
99477,12651251.0,133711744.0,2022-02-24,2174.0,801.7,47493.0,154013.0,4.203,249.0
99478,12693320.0,133842533.0,2022-02-25,2084.0,710.141,42069.0,154206.0,3.258,193.0
99479,12732680.0,133976123.0,2022-02-26,2015.0,664.412,39360.0,154416.0,3.545,210.0
99480,12764558.0,134036678.0,2022-02-27,1979.0,538.113,31878.0,154560.0,2.431,144.0
99481,12782836.0,134151856.0,2022-02-28,1935.0,308.54,18278.0,154767.0,3.494,207.0
99482,12829972.0,134236734.0,2022-03-01,1833.0,795.674,47136.0,155000.0,3.933,233.0
99483,12867918.0,134316402.0,2022-03-02,1739.0,640.543,37946.0,155214.0,3.612,214.0
99484,12910506.0,134402279.0,2022-03-03,1665.0,718.902,42588.0,155399.0,3.123,185.0
99485,12948859.0,134495720.0,2022-03-04,1575.0,647.414,38353.0,155609.0,3.545,210.0
99486,12990223.0,134584433.0,2022-03-05,1467.0,698.241,41364.0,155782.0,2.92,173.0
99487,13026112.0,134613778.0,2022-03-06,1392.0,605.82,35889.0,155887.0,1.772,105.0
99488,13048774.0,134687826.0,2022-03-07,1292.0,382.543,22662.0,156017.0,2.194,130.0
99489,13109527.0,134758770.0,2022-03-08,1259.0,1025.534,60753.0,156201.0,3.106,184.0
99490,13159342.0,134825180.0,2022-03-09,1227.0,840.897,49815.0,156357.0,2.633,156.0
99491,13214498.0,134898092.0,2022-03-10,1196.0,931.055,55156.0,156493.0,2.296,136.0
99492,13268459.0,134977686.0,2022-03-11,1162.0,910.883,53961.0,156649.0,2.633,156.0
99493,13323179.0,135055637.0,2022-03-12,1136.0,923.695,54720.0,156782.0,2.245,133.0
99494,13373207.0,135079847.0,2022-03-13,1124.0,844.492,50028.0,156868.0,1.452,86.0
99495,13402905.0,135142244.0,2022-03-14,1096.0,501.314,29698.0,156997.0,2.178,129.0
99496,13489319.0,135205670.0,2022-03-15,1078.0,1458.702,86414.0,157177.0,3.038,180.0
99497,13563466.0,135262468.0,2022-03-16,1055.0,1251.63,74147.0,157314.0,2.313,137.0
99498,13645834.0,135322556.0,2022-03-17,1024.0,1390.404,82368.0,157442.0,2.161,128.0
99499,13724411.0,135387178.0,2022-03-18,987.0,1326.411,78577.0,157607.0,2.785,165.0
99500,13800179.0,135447667.0,2022-03-19,945.0,1278.994,75768.0,157692.0,1.435,85.0
99501,13861743.0,135462940.0,2022-03-20,924.0,1039.224,61564.0,157785.0,1.57,93.0
99502,13895188.0,135515107.0,2022-03-21,899.0,564.565,33445.0,157904.0,2.009,119.0
99503,13992092.0,135565615.0,2022-03-22,868.0,1635.778,96904.0,158101.0,3.325,197.0
99504,14070450.0,135610411.0,2022-03-23,839.0,1322.714,78358.0,158254.0,2.583,153.0
99505,14153098.0,135661989.0,2022-03-24,819.0,1395.131,82648.0,158436.0,3.072,182.0
99506,14229495.0,135718070.0,2022-03-25,798.0,1289.611,76397.0,158582.0,2.465,146.0
99507,14304111.0,135771515.0,2022-03-26,781.0,1259.547,74616.0,158700.0,1.992,118.0
99508,14364723.0,135784480.0,2022-03-27,775.0,1023.154,60612.0,158782.0,1.384,82.0
99509,14396283.0,135829100.0,2022-03-28,757.0,532.745,31560.0,158877.0,1.604,95.0
99510,14496579.0,135871001.0,2022-03-29,736.0,1693.036,100296.0,159054.0,2.988,177.0
99511,14567990.0,135909729.0,2022-03-30,722.0,1205.446,71411.0,159224.0,2.87,170.0
99512,14642354.0,135952189.0,2022-03-31,700.0,1255.293,74364.0,159383.0,2.684,159.0
99513,14719394.0,135984057.0,2022-04-01,641.0,1300.465,77040.0,159537.0,2.6,154.0
99514,14790806.0,136013831.0,2022-04-02,584.0,1205.463,71412.0,159666.0,2.178,129.0
99515,14845815.0,136019793.0,2022-04-03,567.0,928.573,55009.0,159784.0,1.992,118.0
99516,14877144.0,136046991.0,2022-04-04,525.0,528.846,31329.0,159909.0,2.11,125.0
99517,14966058.0,136075988.0,2022-04-05,494.0,1500.903,88914.0,160103.0,3.275,194.0
99518,15035943.0,136104192.0,2022-04-06,469.0,1179.686,69885.0,160253.0,2.532,150.0
99519,15106066.0,136133740.0,2022-04-07,438.0,1183.704,70123.0,160402.0,2.515,149.0
99520,15173707.0,136167567.0,2022-04-08,443.0,1141.807,67641.0,160546.0,2.431,144.0
99521,15238128.0,136197813.0,2022-04-09,444.0,1087.452,64421.0,160658.0,1.891,112.0
99522,15292048.0,136203688.0,2022-04-10,443.0,910.191,53920.0,160748.0,1.519,90.0
99523,15320753.0,136232322.0,2022-04-11,447.0,484.552,28705.0,160863.0,1.941,115.0
99524,15404809.0,136260086.0,2022-04-12,444.0,1418.898,84056.0,161032.0,2.853,169.0
99525,15467395.0,136289304.0,2022-04-13,446.0,1056.476,62586.0,161187.0,2.616,155.0
99526,15533012.0,136325516.0,2022-04-14,462.0,1107.641,65617.0,161336.0,2.515,149.0
99527,15595302.0,136358042.0,2022-04-15,459.0,1051.48,62290.0,161469.0,2.245,133.0
99528,15659835.0,136377083.0,2022-04-16,432.0,1089.342,64533.0,161602.0,2.245,133.0
99529,15712088.0,136377598.0,2022-04-17,419.0,882.051,52253.0,161687.0,1.435,85.0
99530,15730676.0,136379515.0,2022-04-18,355.0,313.773,18588.0,161766.0,1.334,79.0
99531,15758002.0,136422005.0,2022-04-19,390.0,461.274,27326.0,161893.0,2.144,127.0
99532,15858442.0,136467796.0,2022-04-20,430.0,1695.467,100440.0,162098.0,3.46,205.0
99533,15934437.0,136513752.0,2022-04-21,454.0,1282.825,75995.0,162264.0,2.802,166.0
99534,16008181.0,136563050.0,2022-04-22,494.0,1244.828,73744.0,162466.0,3.41,202.0
99535,16079209.0,136601346.0,2022-04-23,541.0,1198.98,71028.0,162609.0,2.414,143.0
99536,16136057.0,136608274.0,2022-04-24,556.0,959.617,56848.0,162688.0,1.334,79.0
99537,16161339.0,136611742.0,2022-04-25,560.0,426.77,25282.0,162781.0,1.57,93.0
99538,16191323.0,136662611.0,2022-04-26,580.0,506.142,29984.0,162927.0,2.465,146.0
99539,16279754.0,136713097.0,2022-04-27,592.0,1492.75,88431.0,163113.0,3.14,186.0
99540,16349788.0,136760729.0,2022-04-28,596.0,1182.201,70034.0,163244.0,2.211,131.0
99541,16409183.0,136809577.0,2022-04-29,594.0,1002.611,59395.0,163377.0,2.245,133.0
99542,16463200.0,136846582.0,2022-04-30,591.0,911.828,54017.0,163507.0,2.194,130.0
99543,16504791.0,136849031.0,2022-05-01,581.0,702.072,41591.0,163612.0,1.772,105.0
99544,16523859.0,136884674.0,2022-05-02,658.0,321.875,19068.0,163736.0,2.093,124.0
99545,16586268.0,136928658.0,2022-05-03,642.0,1053.488,62409.0,163889.0,2.583,153.0
99546,16633911.0,136974531.0,2022-05-04,630.0,804.233,47643.0,164041.0,2.566,152.0
99547,16682626.0,137020342.0,2022-05-05,626.0,822.328,48715.0,164179.0,2.329,138.0
99548,16726990.0,137064854.0,2022-05-06,616.0,748.882,44364.0,164304.0,2.11,125.0
99549,16767773.0,137095012.0,2022-05-07,599.0,688.433,40783.0,164417.0,1.907,113.0
99550,16798998.0,137100762.0,2022-05-08,607.0,527.09,31225.0,164489.0,1.215,72.0
99551,16816419.0,137136293.0,2022-05-09,607.0,294.073,17421.0,164573.0,1.418,84.0
99552,16872618.0,137179058.0,2022-05-10,604.0,948.661,56199.0,164731.0,2.667,158.0
99553,16915301.0,137226539.0,2022-05-11,608.0,720.506,42683.0,164846.0,1.941,115.0
99554,16954784.0,137272320.0,2022-05-12,608.0,666.489,39483.0,164976.0,2.194,130.0
99555,16993813.0,137315718.0,2022-05-13,605.0,658.825,39029.0,165091.0,1.941,115.0
99556,17030147.0,137346161.0,2022-05-14,606.0,613.332,36334.0,165182.0,1.536,91.0
99557,17057873.0,137351969.0,2022-05-15,606.0,468.026,27726.0,165244.0,1.047,62.0
99558,17071649.0,137383596.0,2022-05-16,596.0,232.544,13776.0,165346.0,1.722,102.0
99559,17116550.0,137420106.0,2022-05-17,581.0,757.946,44901.0,165494.0,2.498,148.0
99560,17147477.0,137463405.0,2022-05-18,571.0,522.06,30927.0,165630.0,2.296,136.0
99561,17178199.0,137504757.0,2022-05-19,561.0,518.599,30722.0,165738.0,1.823,108.0
99562,17205017.0,137542817.0,2022-05-20,548.0,452.698,26818.0,165827.0,1.502,89.0
99563,17229263.0,137569285.0,2022-05-21,538.0,409.282,24246.0,165918.0,1.536,91.0
99564,17247552.0,137574028.0,2022-05-22,535.0,308.725,18289.0,165952.0,0.574,34.0
99565,17257573.0,137602691.0,2022-05-23,528.0,169.158,10021.0,166032.0,1.35,80.0
99566,17288287.0,137637573.0,2022-05-24,524.0,518.464,30714.0,166127.0,1.604,95.0
99567,17312432.0,137675610.0,2022-05-25,512.0,407.577,24145.0,166264.0,2.313,137.0
99568,17333299.0,137713164.0,2022-05-26,503.0,352.243,20867.0,166358.0,1.587,94.0
99569,17355119.0,137747910.0,2022-05-27,495.0,368.33,21820.0,166476.0,1.992,118.0
99570,17373741.0,137771096.0,2022-05-28,487.0,314.347,18622.0,166542.0,1.114,66.0
99571,17388877.0,137775409.0,2022-05-29,486.0,255.502,15136.0,166569.0,0.456,27.0
99572,17396723.0,137800752.0,2022-05-30,478.0,132.444,7846.0,166631.0,1.047,62.0
99573,17421410.0,137830677.0,2022-05-31,466.0,416.726,24687.0,166697.0,1.114,66.0
99574,17440232.0,137854979.0,2022-06-01,433.0,317.723,18822.0,166756.0,0.996,59.0
99575,17457950.0,137856403.0,2022-06-02,345.0,299.087,17718.0,166835.0,1.334,79.0
99576,17467642.0,137875852.0,2022-06-03,309.0,163.605,9692.0,166875.0,0.675,40.0
99577,17490451.0,137887987.0,2022-06-04,282.0,385.025,22809.0,166922.0,0.793,47.0
99578,17505973.0,137889303.0,2022-06-05,275.0,262.017,15522.0,166949.0,0.456,27.0
99579,17514589.0,137907077.0,2022-06-06,256.0,145.441,8616.0,167019.0,1.182,70.0
99580,17543136.0,137929374.0,2022-06-07,238.0,481.885,28547.0,167089.0,1.182,70.0
99581,17566061.0,137953337.0,2022-06-08,237.0,386.983,22925.0,167169.0,1.35,80.0
99582,17589595.0,137977670.0,2022-06-09,292.0,397.263,23534.0,167253.0,1.418,84.0
99583,17611607.0,138000629.0,2022-06-10,301.0,371.571,22012.0,167305.0,0.878,52.0
99584,17634065.0,138015211.0,2022-06-11,307.0,379.1,22458.0,167365.0,1.013,60.0
99585,17653375.0,138016838.0,2022-06-12,308.0,325.96,19310.0,167391.0,0.439,26.0
99586,17664043.0,138031586.0,2022-06-13,300.0,180.08,10668.0,167432.0,0.692,41.0
99587,17703887.0,138052085.0,2022-06-14,296.0,672.582,39844.0,167505.0,1.232,73.0
99588,17736696.0,138073422.0,2022-06-15,290.0,553.829,32809.0,167553.0,0.81,48.0
99589,17773764.0,138093382.0,2022-06-16,279.0,625.722,37068.0,167617.0,1.08,64.0
99590,17809934.0,138112687.0,2022-06-17,270.0,610.564,36170.0,167658.0,0.692,41.0
99591,17844905.0,138126219.0,2022-06-18,268.0,590.324,34971.0,167703.0,0.76,45.0
99592,17879160.0,138127290.0,2022-06-19,266.0,578.238,34255.0,167721.0,0.304,18.0
99593,17896065.0,138142534.0,2022-06-20,268.0,285.363,16905.0,167780.0,0.996,59.0
99594,17959329.0,138161897.0,2022-06-21,265.0,1067.921,63264.0,167842.0,1.047,62.0
99595,18014202.0,138182355.0,2022-06-22,263.0,926.278,54873.0,167892.0,0.844,50.0
99596,18071634.0,138202613.0,2022-06-23,263.0,969.475,57432.0,167967.0,1.266,75.0
99597,18128044.0,138222913.0,2022-06-24,266.0,952.223,56410.0,168018.0,0.861,51.0
99598,18184917.0,138238785.0,2022-06-25,271.0,960.039,56873.0,168058.0,0.675,40.0
99599,18234242.0,138240027.0,2022-06-26,272.0,832.625,49325.0,168102.0,0.743,44.0
99600,18259261.0,138256875.0,2022-06-27,276.0,422.331,25019.0,168165.0,1.063,63.0
99601,18343422.0,138277668.0,2022-06-28,279.0,1420.671,84161.0,168234.0,1.165,69.0
99602,18438877.0,138298883.0,2022-06-29,281.0,1611.318,95455.0,168294.0,1.013,60.0
99603,18523111.0,138322012.0,2022-06-30,288.0,1421.903,84234.0,168353.0,0.996,59.0
99604,18610011.0,138339743.0,2022-07-01,282.0,1466.906,86900.0,168425.0,1.215,72.0
99605,18695954.0,138351485.0,2022-07-02,272.0,1450.752,85943.0,168488.0,1.063,63.0
99606,18768871.0,138352586.0,2022-07-03,271.0,1230.868,72917.0,168545.0,0.962,57.0
99607,18805756.0,138369183.0,2022-07-04,271.0,622.633,36885.0,168604.0,0.996,59.0
99608,18938771.0,138391459.0,2022-07-05,274.0,2245.345,133015.0,168698.0,1.587,94.0
99609,19048788.0,138415077.0,2022-07-06,280.0,1857.13,110017.0,168770.0,1.215,72.0
99610,19157174.0,138441252.0,2022-07-07,288.0,1829.598,108386.0,168864.0,1.587,94.0
99611,19259037.0,138468311.0,2022-07-08,310.0,1719.487,101863.0,168969.0,1.772,105.0
99612,19357938.0,138486756.0,2022-07-09,326.0,1669.488,98901.0,169062.0,1.57,93.0
99613,19439501.0,138488490.0,2022-07-10,328.0,1376.815,81563.0,169106.0,0.743,44.0
99614,19523262.0,138514488.0,2022-07-11,350.0,1413.919,83761.0,169233.0,2.144,127.0
99615,19667320.0,138551348.0,2022-07-12,386.0,2431.756,144058.0,169390.0,2.65,157.0
99616,19778911.0,138600985.0,2022-07-13,448.0,1883.7,111591.0,169496.0,1.789,106.0
99617,19887543.0,138661281.0,2022-07-14,531.0,1833.751,108632.0,169601.0,1.772,105.0
99618,19985479.0,138731482.0,2022-07-15,635.0,1653.198,97936.0,169735.0,2.262,134.0
99619,20076863.0,138775655.0,2022-07-16,697.0,1542.598,91384.0,169846.0,1.874,111.0
99620,20145859.0,138781406.0,2022-07-17,706.0,1164.68,68996.0,169925.0,1.334,79.0
99621,20177910.0,138849591.0,2022-07-18,808.0,541.033,32051.0,170037.0,1.891,112.0
99622,20299013.0,138928169.0,2022-07-19,909.0,2044.266,121103.0,170213.0,2.971,176.0
99623,20385814.0,139010996.0,2022-07-20,989.0,1465.235,86801.0,170370.0,2.65,157.0
99624,20467349.0,139098243.0,2022-07-21,1054.0,1376.343,81535.0,170527.0,2.65,157.0
99625,20539016.0,139179134.0,2022-07-22,1080.0,1209.767,71667.0,170682.0,2.616,155.0
99626,20608190.0,139228047.0,2022-07-23,1091.0,1167.684,69174.0,170798.0,1.958,116.0
99627,20660065.0,139235311.0,2022-07-24,1095.0,875.67,51875.0,170875.0,1.3,77.0
99628,20684182.0,139299362.0,2022-07-25,1085.0,407.104,24117.0,170979.0,1.756,104.0
99629,20772833.0,139368750.0,2022-07-26,1062.0,1496.464,88651.0,171232.0,4.271,253.0
99630,20837233.0,139443407.0,2022-07-27,1043.0,1087.097,64400.0,171439.0,3.494,207.0
99631,20898059.0,139522750.0,2022-07-28,1024.0,1026.767,60826.0,171638.0,3.359,199.0
99632,20952476.0,139591977.0,2022-07-29,996.0,918.58,54417.0,171882.0,4.119,244.0
99633,21002773.0,139635185.0,2022-07-30,982.0,849.033,50297.0,172003.0,2.043,121.0
99634,21040025.0,139641487.0,2022-07-31,979.0,628.828,37252.0,172086.0,1.401,83.0
99635,21059545.0,139690357.0,2022-08-01,943.0,329.505,19520.0,172207.0,2.043,121.0
99636,21124644.0,139744888.0,2022-08-02,907.0,1098.897,65099.0,172397.0,3.207,190.0
99637,21170600.0,139798222.0,2022-08-03,856.0,775.755,45956.0,172568.0,2.887,171.0
99638,21213559.0,139853875.0,2022-08-04,799.0,725.165,42959.0,172729.0,2.718,161.0
99639,21251774.0,139901703.0,2022-08-05,747.0,645.084,38215.0,172904.0,2.954,175.0
99640,21286771.0,139926513.0,2022-08-06,703.0,590.763,34997.0,173062.0,2.667,158.0
99641,21313427.0,139930877.0,2022-08-07,698.0,449.964,26656.0,173136.0,1.249,74.0
99642,21325402.0,139962637.0,2022-08-08,657.0,202.143,11975.0,173249.0,1.907,113.0
99643,21368480.0,139998845.0,2022-08-09,612.0,727.174,43078.0,173426.0,2.988,177.0
99644,21400179.0,140032476.0,2022-08-10,565.0,535.092,31699.0,173571.0,2.448,145.0
99645,21428602.0,140064824.0,2022-08-11,509.0,479.791,28423.0,173701.0,2.194,130.0
99646,21455291.0,140089185.0,2022-08-12,452.0,450.521,26689.0,173853.0,2.566,152.0
99647,21480076.0,140098430.0,2022-08-13,415.0,418.381,24785.0,173982.0,2.178,129.0
99648,21499531.0,140099237.0,2022-08-14,406.0,328.408,19455.0,174060.0,1.317,78.0
99649,21509424.0,140099433.0,2022-08-15,330.0,166.998,9893.0,174102.0,0.709,42.0
99650,21518365.0,140117100.0,2022-08-16,285.0,150.928,8941.0,174172.0,1.182,70.0
99651,21554626.0,140138009.0,2022-08-17,254.0,612.1,36261.0,174300.0,2.161,128.0
99652,21581917.0,140163288.0,2022-08-18,237.0,460.683,27291.0,174447.0,2.481,147.0
99653,21606606.0,140183044.0,2022-08-19,226.0,416.76,24689.0,174571.0,2.093,124.0
99654,21630998.0,140192319.0,2022-08-20,226.0,411.747,24392.0,174659.0,1.485,88.0
99655,21650468.0,140193228.0,2022-08-21,227.0,328.661,19470.0,174722.0,1.063,63.0
99656,21660885.0,140209552.0,2022-08-22,266.0,175.843,10417.0,174797.0,1.266,75.0
99657,21696242.0,140230467.0,2022-08-23,273.0,596.84,35357.0,174931.0,2.262,134.0
99658,21721630.0,140250089.0,2022-08-24,270.0,428.559,25388.0,175043.0,1.891,112.0
99659,21745065.0,140272389.0,2022-08-25,263.0,395.592,23435.0,175127.0,1.418,84.0
99660,21767060.0,140292753.0,2022-08-26,265.0,371.284,21995.0,175226.0,1.671,99.0
99661,21788862.0,140302431.0,2022-08-27,266.0,368.026,21802.0,175306.0,1.35,80.0
99662,21806509.0,140303623.0,2022-08-28,266.0,297.888,17647.0,175347.0,0.692,41.0
99663,21814856.0,140321654.0,2022-08-29,270.0,140.901,8347.0,175407.0,1.013,60.0
99664,21845943.0,140343396.0,2022-08-30,272.0,524.761,31087.0,175505.0,1.654,98.0
99665,21867757.0,140364810.0,2022-08-31,277.0,368.229,21814.0,175595.0,1.519,90.0
99666,21888255.0,140384315.0,2022-09-01,270.0,346.014,20498.0,175663.0,1.148,68.0
99667,21907413.0,140400651.0,2022-09-02,260.0,323.395,19158.0,175754.0,1.536,91.0
99668,21925073.0,140409251.0,2022-09-03,258.0,298.108,17660.0,175802.0,0.81,48.0
99669,21938269.0,140409905.0,2022-09-04,256.0,222.754,13196.0,175832.0,0.506,30.0
99670,21944877.0,140424373.0,2022-09-05,248.0,111.546,6608.0,175872.0,0.675,40.0
99671,21969725.0,140440637.0,2022-09-06,235.0,419.444,24848.0,175952.0,1.35,80.0
99672,21987295.0,140456803.0,2022-09-07,222.0,296.588,17570.0,176009.0,0.962,57.0
99673,22004612.0,140472894.0,2022-09-08,214.0,292.318,17317.0,176098.0,1.502,89.0
99674,22020154.0,140487343.0,2022-09-09,209.0,262.355,15542.0,176157.0,0.996,59.0
99675,22035291.0,140493736.0,2022-09-10,204.0,255.518,15137.0,176204.0,0.793,47.0
99676,22047192.0,140494188.0,2022-09-11,203.0,200.894,11901.0,176238.0,0.574,34.0
99677,22054443.0,140505339.0,2022-09-12,195.0,122.4,7251.0,176242.0,0.068,4.0
99678,22077601.0,140519402.0,2022-09-13,190.0,390.916,23158.0,176335.0,1.57,93.0
99679,22096450.0,140535540.0,2022-09-14,190.0,318.179,18849.0,176404.0,1.165,69.0
99680,22114423.0,140553037.0,2022-09-15,193.0,303.391,17973.0,176464.0,1.013,60.0
99681,22131785.0,140570278.0,2022-09-16,200.0,293.077,17362.0,176508.0,0.743,44.0
99682,22148935.0,140578763.0,2022-09-17,205.0,289.499,17150.0,176546.0,0.641,38.0
99683,22161016.0,140579814.0,2022-09-18,206.0,203.932,12081.0,176578.0,0.54,32.0
99684,22169273.0,140593734.0,2022-09-19,213.0,139.381,8257.0,176609.0,0.523,31.0
99685,22197658.0,140611080.0,2022-09-20,221.0,479.15,28385.0,176669.0,1.013,60.0
99686,22218846.0,140629179.0,2022-09-21,226.0,357.662,21188.0,176715.0,0.776,46.0
99687,22241369.0,140648979.0,2022-09-22,231.0,380.197,22523.0,176775.0,1.013,60.0
99688,22262452.0,140666456.0,2022-09-23,232.0,355.889,21083.0,176824.0,0.827,49.0
99689,22284812.0,140676914.0,2022-09-24,237.0,377.446,22360.0,176867.0,0.726,43.0
99690,22303606.0,140678053.0,2022-09-25,237.0,317.25,18794.0,176880.0,0.219,13.0
99691,22313612.0,140695914.0,2022-09-26,246.0,168.905,10006.0,176912.0,0.54,32.0
99692,22358487.0,140717998.0,2022-09-27,258.0,757.508,44875.0,176976.0,1.08,64.0
99693,22395282.0,140742533.0,2022-09-28,273.0,621.114,36795.0,177024.0,0.81,48.0
99694,22432803.0,140768054.0,2022-09-29,287.0,633.369,37521.0,177054.0,0.506,30.0
99695,22467278.0,140791917.0,2022-09-30,303.0,581.952,34475.0,177092.0,0.641,38.0
99696,22500346.0,140803897.0,2022-10-01,306.0,558.201,33068.0,177130.0,0.641,38.0
99697,22529252.0,140805666.0,2022-10-02,308.0,487.945,28906.0,177150.0,0.338,20.0
99698,22542568.0,140826548.0,2022-10-03,315.0,224.779,13316.0,177197.0,0.793,47.0
99699,22602840.0,140853795.0,2022-10-04,327.0,1017.415,60272.0,177257.0,1.013,60.0
99700,22648063.0,140886035.0,2022-10-05,346.0,763.382,45223.0,177300.0,0.726,43.0
99701,22692912.0,140923913.0,2022-10-06,376.0,757.069,44849.0,177356.0,0.945,56.0
